seed,num_clusters,num_points,init_type,ImprClass,iteration_order,init_cost,end_cost,num_iter,num_iter_tot,time,num_clusters,num_points,init_type,ImprClass,iteration_order,init_cost,end_cost,num_iter,num_iter_tot,time,num_clusters,num_points,init_type,ImprClass,iteration_order,init_cost,end_cost,num_iter,num_iter_tot,time
24565328,2,20,0,0,0,32464.4,32464.4,0,20,4
seed,2,20,0,0,0,32464.4,32464.4,0,20,1
seed,2,20,0,0,0,32464.4,32464.4,0,20,1
24583343,2,20,1,0,0,21549.3,17205.6,7,160,49
seed,2,20,1,0,0,21549.3,17205.6,7,160,25
seed,2,20,1,0,0,21549.3,17205.6,7,160,25
24586734,2,20,0,1,0,40592.9,40592.9,0,20,13
seed,2,20,0,1,0,40592.9,40592.9,0,20,1
seed,2,20,0,1,0,40592.9,40592.9,0,20,1
24586750,2,20,1,1,0,36824.7,36447.3,2,32,31
seed,2,20,1,1,0,36824.7,36447.3,2,32,19
seed,2,20,1,1,0,36824.7,36447.3,2,32,36
24586750,2,20,0,1,1,36824.7,36824.7,0,20,3
seed,2,20,0,1,1,36824.7,36824.7,0,20,1
seed,2,20,0,1,1,36824.7,36824.7,0,20,1
24586765,2,20,1,1,1,33275.2,21723.9,15,145,57
seed,2,20,1,1,1,33275.2,21723.9,15,145,36
seed,2,20,1,1,1,33275.2,21723.9,15,145,26
24586781,2,20,0,1,2,28512.5,28512.5,0,20,30
seed,2,20,0,1,2,28512.5,28512.5,0,20,9
seed,2,20,0,1,2,28512.5,28512.5,0,20,19
24586796,2,20,1,1,2,34197.5,33241.5,3,39,50
seed,2,20,1,1,2,34197.5,33241.5,3,39,39
seed,2,20,1,1,2,34197.5,33241.5,3,39,37
24586796,4,20,0,0,0,30396.3,9720.95,13,840,34
seed,4,20,0,0,0,30396.3,9720.95,13,840,32
seed,4,20,0,0,0,30396.3,9720.95,13,840,32
24586812,4,20,1,0,0,20854.1,19195.3,5,360,57
seed,4,20,1,0,0,20854.1,19195.3,5,360,47
seed,4,20,1,0,0,20854.1,19195.3,5,360,47
24586828,4,20,0,1,0,26607,7682.74,20,521,30
seed,4,20,0,1,0,26607,7682.74,20,521,27
seed,4,20,0,1,0,26607,7682.74,20,521,23
24586828,4,20,1,1,0,26607,24338.2,6,232,87
seed,4,20,1,1,0,26607,24338.2,6,232,76
seed,4,20,1,1,0,26607,24338.2,6,232,73
24586843,4,20,0,1,1,26594.9,10724.1,22,570,43
seed,4,20,0,1,1,26594.9,10724.1,22,570,37
seed,4,20,0,1,1,26594.9,10724.1,22,570,37
24586859,4,20,1,1,1,21611.9,21611.9,0,60,40
seed,4,20,1,1,1,21611.9,21611.9,0,60,36
seed,4,20,1,1,1,21611.9,21611.9,0,60,35
24586875,4,20,0,1,2,28141.6,8561.49,19,506,128
seed,4,20,0,1,2,28141.6,8561.49,19,506,100
seed,4,20,0,1,2,28141.6,8561.49,19,506,143
24586875,4,20,1,1,2,28141.6,28141.6,0,60,47
seed,4,20,1,1,2,28141.6,28141.6,0,60,37
seed,4,20,1,1,2,28141.6,28141.6,0,60,37
24586890,8,20,0,0,0,23177.7,3667.4,16,2380,165
seed,8,20,0,0,0,23177.7,3667.4,16,2380,145
seed,8,20,0,0,0,23177.7,3667.4,16,2380,100
24586906,8,20,1,0,0,22552.6,19906.3,4,700,128
seed,8,20,1,0,0,22552.6,19906.3,4,700,89
seed,8,20,1,0,0,22552.6,19906.3,4,700,81
24586921,8,20,0,1,0,25251.6,2148.34,49,2051,113
seed,8,20,0,1,0,25251.6,2148.34,49,2051,92
seed,8,20,0,1,0,25251.6,2148.34,49,2051,88
24586921,8,20,1,1,0,25251.6,24361.2,7,203,79
seed,8,20,1,1,0,25251.6,24361.2,7,203,72
seed,8,20,1,1,0,25251.6,24361.2,7,203,69
24586937,8,20,0,1,1,22950.9,3241.08,40,1971,103
seed,8,20,0,1,1,22950.9,3241.08,40,1971,130
seed,8,20,0,1,1,22950.9,3241.08,40,1971,94
24586953,8,20,1,1,1,20440,18155.5,12,852,173
seed,8,20,1,1,1,20440,18155.5,12,852,159
seed,8,20,1,1,1,20440,18155.5,12,852,201
24586968,8,20,0,1,2,30990,3494.16,42,1717,378
seed,8,20,0,1,2,30990,3494.16,42,1717,315
seed,8,20,0,1,2,30990,3494.16,42,1717,272
24586984,8,20,1,1,2,27315.8,26137.2,4,366,174
seed,8,20,1,1,2,27315.8,26137.2,4,366,149
seed,8,20,1,1,2,27315.8,26137.2,4,366,150
24586984,16,20,0,0,0,17135.3,706.033,11,3600,141
seed,16,20,0,0,0,13454.6,554.156,12,3900,137
seed,16,20,0,0,0,13454.6,554.156,12,3900,197
24587000,16,20,1,0,0,13454.6,13278.9,3,1200,315
seed,16,20,1,0,0,13454.6,13278.9,3,1200,286
seed,16,20,1,0,0,13454.6,13278.9,3,1200,282
24587015,16,20,0,1,0,13321.4,501.969,27,2798,91
seed,16,20,0,1,0,13321.4,501.969,27,2798,106
seed,16,20,0,1,0,13321.4,501.969,27,2798,90
24587031,16,20,1,1,0,10626.5,10210.3,5,807,302
seed,16,20,1,1,0,10626.5,10210.3,5,807,328
seed,16,20,1,1,0,10626.5,10210.3,5,807,349
24587046,16,20,0,1,1,18472.5,1207.7,20,1547,101
seed,16,20,0,1,1,18472.5,1207.7,20,1547,97
seed,16,20,0,1,1,18472.5,1207.7,20,1547,97
24587046,16,20,1,1,1,18472.5,18229.1,6,1236,315
seed,16,20,1,1,1,18472.5,18229.1,6,1236,391
seed,16,20,1,1,1,10176.4,10078.4,3,695,380
24587062,16,20,0,1,2,10176.4,518.424,29,3012,706
seed,16,20,0,1,2,10176.4,518.424,29,3012,378
seed,16,20,0,1,2,10176.4,518.424,29,3012,334
24587078,16,20,1,1,2,15347.9,14850.7,4,697,399
seed,16,20,1,1,2,15347.9,14850.7,4,697,466
seed,16,20,1,1,2,15347.9,14850.7,4,697,423
24587093,2,30,0,0,0,52690.7,52690.7,0,30,5
seed,2,30,0,0,0,52690.7,52690.7,0,30,3
seed,2,30,0,0,0,52690.7,52690.7,0,30,2
24587109,2,30,1,0,0,54332.8,50985.4,6,210,57
seed,2,30,1,0,0,54332.8,50985.4,6,210,53
seed,2,30,1,0,0,54332.8,50985.4,6,210,49
24587109,2,30,0,1,0,54332.8,54332.8,0,30,5
seed,2,30,0,1,0,54332.8,54332.8,0,30,2
seed,2,30,0,1,0,54332.8,54332.8,0,30,2
24587125,2,30,1,1,0,59153.8,53119.1,5,90,38
seed,2,30,1,1,0,59153.8,53119.1,5,90,28
seed,2,30,1,1,0,59153.8,53119.1,5,90,29
24587140,2,30,0,1,1,48899.9,48899.9,0,30,4
seed,2,30,0,1,1,48899.9,48899.9,0,30,2
seed,2,30,0,1,1,48899.9,48899.9,0,30,3
24587140,2,30,1,1,1,48899.9,45120.5,8,156,49
seed,2,30,1,1,1,52713.8,43928.1,6,113,40
seed,2,30,1,1,1,52713.8,43928.1,6,113,40
24587156,2,30,0,1,2,52713.8,52713.8,0,30,16
seed,2,30,0,1,2,52713.8,52713.8,0,30,10
seed,2,30,0,1,2,52713.8,52713.8,0,30,10
24587171,2,30,1,1,2,50752.9,45670.1,4,71,84
seed,2,30,1,1,2,50752.9,45670.1,4,71,67
seed,2,30,1,1,2,50752.9,45670.1,4,71,47
24587187,4,30,0,0,0,54425.3,15767.7,19,1800,80
seed,4,30,0,0,0,54425.3,15767.7,19,1800,83
seed,4,30,0,0,0,54425.3,15767.7,19,1800,88
24587187,4,30,1,0,0,54425.3,48528.1,9,900,92
seed,4,30,1,0,0,54425.3,48528.1,9,900,90
seed,4,30,1,0,0,54425.3,48528.1,9,900,92
24587203,4,30,0,1,0,41072.9,17234.5,51,1678,149
seed,4,30,0,1,0,41072.9,17234.5,51,1678,476
seed,4,30,0,1,0,41072.9,17234.5,51,1678,129
24587218,4,30,1,1,0,43014.5,42793.4,2,173,55
seed,4,30,1,1,0,43014.5,42793.4,2,173,57
seed,4,30,1,1,0,43014.5,42793.4,2,173,57
24587234,4,30,0,1,1,45050.3,15259.1,38,1289,110
seed,4,30,0,1,1,45050.3,15259.1,38,1289,69
seed,4,30,0,1,1,45050.3,15259.1,38,1289,63
24587234,4,30,1,1,1,45050.3,44584.7,1,141,65
seed,4,30,1,1,1,45050.3,44584.7,1,141,54
seed,4,30,1,1,1,43121,41797.1,1,101,54
24587250,4,30,0,1,2,43121,17818.2,37,1601,369
seed,4,30,0,1,2,43121,17818.2,37,1601,337
seed,4,30,0,1,2,43121,17818.2,37,1601,334
24587265,4,30,1,1,2,43425,41779.4,4,253,128
seed,4,30,1,1,2,43425,41779.4,4,253,123
seed,4,30,1,1,2,43425,41779.4,4,253,127
24587281,8,30,0,0,0,35204.4,4108.85,22,4830,195
seed,8,30,0,0,0,35204.4,4108.85,22,4830,198
seed,8,30,0,0,0,35204.4,4108.85,22,4830,202
24587296,8,30,1,0,0,39885.7,38078.8,7,1680,360
seed,8,30,1,0,0,39885.7,38078.8,7,1680,317
seed,8,30,1,0,0,39885.7,38078.8,7,1680,242
24587296,8,30,0,1,0,39885.7,6949.23,78,5599,243
seed,8,30,0,1,0,39885.7,6949.23,78,5599,339
seed,8,30,0,1,0,39885.7,6949.23,78,5599,239
24587312,8,30,1,1,0,40439.3,36165.6,16,1341,212
seed,8,30,1,1,0,40439.3,36165.6,16,1341,170
seed,8,30,1,1,0,40439.3,36165.6,16,1341,156
24587328,8,30,0,1,1,40917.1,4757.19,90,7928,374
seed,8,30,0,1,1,40917.1,4757.19,90,7928,343
seed,8,30,0,1,1,40917.1,4757.19,90,7928,348
24587343,8,30,1,1,1,29734.3,27388.7,12,860,136
seed,8,30,1,1,1,29734.3,27388.7,12,860,128
seed,8,30,1,1,1,29734.3,27388.7,12,860,126
24587343,8,30,0,1,2,29734.3,4757.65,50,4438,636
seed,8,30,0,1,2,29734.3,4757.65,50,4438,621
seed,8,30,0,1,2,29734.3,4757.65,50,4438,622
24587359,8,30,1,1,2,37820.5,36463.2,5,551,361
seed,8,30,1,1,2,37820.5,36463.2,5,551,455
seed,8,30,1,1,2,37820.5,36463.2,5,551,331
24587375,16,30,0,0,0,32644.2,1504.96,20,9450,386
seed,16,30,0,0,0,32644.2,1504.96,20,9450,344
seed,16,30,0,0,0,32644.2,1504.96,20,9450,358
24587390,16,30,1,0,0,25697.1,25377,7,3600,716
seed,16,30,1,0,0,25697.1,25377,7,3600,715
seed,16,30,1,0,0,25697.1,25377,7,3600,653
24587406,16,30,0,1,0,30627.6,1564.58,102,13349,528
seed,16,30,0,1,0,30627.6,1564.58,102,13349,503
seed,16,30,0,1,0,30627.6,1564.58,102,13349,523
24587421,16,30,1,1,0,26399.7,24813.5,6,1973,470
seed,16,30,1,1,0,26399.7,24813.5,6,1973,454
seed,16,30,1,1,0,26399.7,24813.5,6,1973,438
24587421,16,30,0,1,1,26399.7,1273.15,49,5824,240
seed,16,30,0,1,1,26399.7,1273.15,49,5824,244
seed,16,30,0,1,1,26399.7,1273.15,49,5824,230
24587437,16,30,1,1,1,24194.8,22608.2,11,2529,481
seed,16,30,1,1,1,24194.8,22608.2,11,2529,591
seed,16,30,1,1,1,24194.8,22608.2,11,2529,641
24587453,16,30,0,1,2,30764.9,1312.41,84,9409,1238
seed,16,30,0,1,2,30764.9,1312.41,84,9409,1186
seed,16,30,0,1,2,30764.9,1312.41,84,9409,1167
24587468,16,30,1,1,2,17624.9,15331,22,4679,880
seed,16,30,1,1,2,17624.9,15331,22,4679,865
seed,16,30,1,1,2,17624.9,15331,22,4679,849
24587484,2,40,0,0,0,74514.9,74514.9,0,40,3
seed,2,40,0,0,0,74514.9,74514.9,0,40,3
seed,2,40,0,0,0,74514.9,74514.9,0,40,2
24587500,2,40,1,0,0,75974.3,75962.7,1,80,74
seed,2,40,1,0,0,75974.3,75962.7,1,80,61
seed,2,40,1,0,0,75974.3,75962.7,1,80,57
24587500,2,40,0,1,0,75974.3,75974.3,0,40,4
seed,2,40,0,1,0,75974.3,75974.3,0,40,2
seed,2,40,0,1,0,75974.3,75974.3,0,40,1
24587515,2,40,1,1,0,69508.5,69057.1,2,86,44
seed,2,40,1,1,0,69508.5,69057.1,2,86,40
seed,2,40,1,1,0,69508.5,69057.1,2,86,33
24587531,2,40,0,1,1,59680.1,59680.1,0,40,4
seed,2,40,0,1,1,59680.1,59680.1,0,40,2
seed,2,40,0,1,1,59680.1,59680.1,0,40,2
24587531,2,40,1,1,1,59680.1,59680.1,0,40,39
seed,2,40,1,1,1,59680.1,59680.1,0,40,31
seed,2,40,1,1,1,59680.1,59680.1,0,40,30
24587546,2,40,0,1,2,50917.4,50917.4,0,40,32
seed,2,40,0,1,2,50917.4,50917.4,0,40,14
seed,2,40,0,1,2,50917.4,50917.4,0,40,13
24587562,2,40,1,1,2,60163.1,45953.2,20,421,220
seed,2,40,1,1,2,60163.1,45953.2,20,421,198
seed,2,40,1,1,2,60163.1,45953.2,20,421,216
24587562,4,40,0,0,0,55876.7,16540.2,29,3600,148
seed,4,40,0,0,0,55876.7,16540.2,29,3600,146
seed,4,40,0,0,0,55876.7,16540.2,29,3600,146
24587578,4,40,1,0,0,66364.6,65460.2,4,600,102
seed,4,40,1,0,0,66364.6,65460.2,4,600,82
seed,4,40,1,0,0,66364.6,65460.2,4,600,83
24587593,4,40,0,1,0,57828.5,23097.4,52,3150,149
seed,4,40,0,1,0,57828.5,23097.4,52,3150,147
seed,4,40,0,1,0,57828.5,23097.4,52,3150,136
24587593,4,40,1,1,0,57828.5,48895.1,11,780,138
seed,4,40,1,1,0,57828.5,48895.1,11,780,151
seed,4,40,1,1,0,57828.5,48895.1,11,780,147
24587609,4,40,0,1,1,73936.4,23437.4,53,2815,183
seed,4,40,0,1,1,73936.4,23437.4,53,2815,128
seed,4,40,0,1,1,73936.4,23437.4,53,2815,131
24587625,4,40,1,1,1,49193.6,45174.7,11,927,109
seed,4,40,1,1,1,49193.6,45174.7,11,927,98
seed,4,40,1,1,1,49193.6,45174.7,11,927,101
24587625,4,40,0,1,2,49193.6,16489.5,36,1687,376
seed,4,40,0,1,2,58266.3,23015.4,52,2658,529
seed,4,40,0,1,2,58266.3,23015.4,52,2658,553
24587640,4,40,1,1,2,58266.3,37420.1,26,1120,312
seed,4,40,1,1,2,58266.3,37420.1,26,1120,290
seed,4,40,1,1,2,58266.3,37420.1,26,1120,284
24587656,8,40,0,0,0,57309.7,7048.1,34,9800,399
seed,8,40,0,0,0,57309.7,7048.1,34,9800,385
seed,8,40,0,0,0,57309.7,7048.1,34,9800,512
24587671,8,40,1,0,0,59939.5,57686.9,11,3360,337
seed,8,40,1,0,0,59939.5,57686.9,11,3360,338
seed,8,40,1,0,0,59939.5,57686.9,11,3360,378
24587687,8,40,0,1,0,54177.6,6909.52,98,8871,371
seed,8,40,0,1,0,54177.6,6909.52,98,8871,372
seed,8,40,0,1,0,54177.6,6909.52,98,8871,370
24587703,8,40,1,1,0,47242,44541.9,18,2759,236
seed,8,40,1,1,0,47242,44541.9,18,2759,217
seed,8,40,1,1,0,47242,44541.9,18,2759,223
24587703,8,40,0,1,1,47242,6331.19,100,11331,491
seed,8,40,0,1,1,47242,6331.19,100,11331,489
seed,8,40,0,1,1,47242,6331.19,100,11331,600
24587718,8,40,1,1,1,52224.3,42321.4,28,3767,398
seed,8,40,1,1,1,52224.3,42321.4,28,3767,380
seed,8,40,1,1,1,52224.3,42321.4,28,3767,380
24587734,8,40,0,1,2,48553.6,6771.79,99,9565,1389
seed,8,40,0,1,2,48553.6,6771.79,99,9565,1351
seed,8,40,0,1,2,48553.6,6771.79,99,9565,1322
24587750,8,40,1,1,2,51682.3,47852.1,14,2171,525
seed,8,40,1,1,2,51682.3,47852.1,14,2171,512
seed,8,40,1,1,2,51682.3,47852.1,14,2171,506
24587765,16,40,0,0,0,47420.5,2442.17,30,18600,676
seed,16,40,0,0,0,47420.5,2442.17,30,18600,672
seed,16,40,0,0,0,47420.5,2442.17,30,18600,681
24587765,16,40,1,0,0,47420.5,45716.7,17,10800,837
seed,16,40,1,0,0,47420.5,45716.7,17,10800,807
seed,16,40,1,0,0,39353.2,36958.3,15,9600,764
24587781,16,40,0,1,0,39353.2,2495.55,124,23864,894
seed,16,40,0,1,0,39353.2,2495.55,124,23864,903
seed,16,40,0,1,0,39353.2,2495.55,124,23864,888
24587796,16,40,1,1,0,55358,53374.9,14,3215,569
seed,16,40,1,1,0,55358,53374.9,14,3215,569
seed,16,40,1,1,0,55358,53374.9,14,3215,840
24587812,16,40,0,1,1,39949.3,2736.1,159,26413,1092
seed,16,40,0,1,1,39949.3,2736.1,159,26413,1098
seed,16,40,0,1,1,39949.3,2736.1,159,26413,1082
24587828,16,40,1,1,1,36182.5,33749.5,23,7463,733
seed,16,40,1,1,1,36182.5,33749.5,23,7463,722
seed,16,40,1,1,1,36182.5,33749.5,23,7463,720
24587843,16,40,0,1,2,46781.7,2241.08,162,22818,2782
seed,16,40,0,1,2,46781.7,2241.08,162,22818,2730
seed,16,40,0,1,2,46781.7,2241.08,162,22818,2601
24587859,16,40,1,1,2,50520,49083.2,17,4223,927
seed,16,40,1,1,2,50520,49083.2,17,4223,920
seed,16,40,1,1,2,50520,49083.2,17,4223,970
24587875,32,40,0,0,0,29339.2,1095.67,26,33480,1110
seed,32,40,0,0,0,29339.2,1095.67,26,33480,1231
seed,32,40,0,0,0,29339.2,1095.67,26,33480,1155
24587890,32,40,1,0,0,27742.4,27278.1,6,8680,1166
seed,32,40,1,0,0,27742.4,27278.1,6,8680,1164
seed,32,40,1,0,0,27742.4,27278.1,6,8680,1181
24587906,32,40,0,1,0,16029.5,387.083,58,22482,749
seed,32,40,0,1,0,16029.5,387.083,58,22482,748
seed,32,40,0,1,0,16029.5,387.083,58,22482,748
24587921,32,40,1,1,0,26001.4,25675.6,8,5175,1276
seed,32,40,1,1,0,26001.4,25675.6,8,5175,1199
seed,32,40,1,1,0,26001.4,25675.6,8,5175,1173
24587921,32,40,0,1,1,26001.4,715.186,76,21578,858
seed,32,40,0,1,1,31349.8,974.003,102,35244,1360
seed,32,40,0,1,1,31349.8,974.003,102,35244,1331
24587937,32,40,1,1,1,31349.8,31084.6,5,5044,1709
seed,32,40,1,1,1,22489,22450.9,2,1775,1171
seed,32,40,1,1,1,22489,22450.9,2,1775,987
24587968,32,40,0,1,2,27391.6,688.492,70,26870,3021
seed,32,40,0,1,2,27391.6,688.492,70,26870,2711
seed,32,40,0,1,2,27391.6,688.492,70,26870,2615
24587984,32,40,1,1,2,34860.8,34291.4,12,6808,1533
seed,32,40,1,1,2,34860.8,34291.4,12,6808,1610
seed,32,40,1,1,2,34860.8,34291.4,12,6808,1575
24588000,2,50,0,0,0,89043.4,89043.4,0,50,4
seed,2,50,0,0,0,89043.4,89043.4,0,50,2
seed,2,50,0,0,0,89043.4,89043.4,0,50,2
24588015,2,50,1,0,0,65135.4,60190.1,7,400,77
seed,2,50,1,0,0,65135.4,60190.1,7,400,63
seed,2,50,1,0,0,65135.4,60190.1,7,400,72
24588015,2,50,0,1,0,65135.4,65135.4,0,50,4
seed,2,50,0,1,0,65135.4,65135.4,0,50,2
seed,2,50,0,1,0,65135.4,65135.4,0,50,12
24588031,2,50,1,1,0,69629.3,55941.1,34,751,106
seed,2,50,1,1,0,69629.3,55941.1,34,751,85
seed,2,50,1,1,0,69629.3,55941.1,34,751,90
24588046,2,50,0,1,1,76973.2,76973.2,0,50,4
seed,2,50,0,1,1,76973.2,76973.2,0,50,2
seed,2,50,0,1,1,76973.2,76973.2,0,50,13
24588046,2,50,1,1,1,76973.2,62761.9,23,669,101
seed,2,50,1,1,1,76973.2,62761.9,23,669,80
seed,2,50,1,1,1,76973.2,62761.9,23,669,75
24588062,2,50,0,1,2,82325.5,82325.5,0,50,26
seed,2,50,0,1,2,82325.5,82325.5,0,50,23
seed,2,50,0,1,2,82325.5,82325.5,0,50,21
24588078,2,50,1,1,2,93283.6,92256.3,5,235,143
seed,2,50,1,1,2,93283.6,92256.3,5,235,177
seed,2,50,1,1,2,93283.6,92256.3,5,235,132
24588093,4,50,0,0,0,79666.5,24940.7,32,4950,218
seed,4,50,0,0,0,79666.5,24940.7,32,4950,209
seed,4,50,0,0,0,79666.5,24940.7,32,4950,210
24588093,4,50,1,0,0,79666.5,68246.6,12,1950,185
seed,4,50,1,0,0,79666.5,68246.6,12,1950,159
seed,4,50,1,0,0,79666.5,68246.6,12,1950,157
24588109,4,50,0,1,0,85041.6,35817.8,65,4057,186
seed,4,50,0,1,0,85041.6,35817.8,65,4057,176
seed,4,50,0,1,0,85041.6,35817.8,65,4057,190
24588125,4,50,1,1,0,79692,69426.2,23,1969,170
seed,4,50,1,1,0,79692,69426.2,23,1969,154
seed,4,50,1,1,0,79692,69426.2,23,1969,149
24588156,4,50,0,1,1,82473.1,27177.8,60,4657,202
seed,4,50,0,1,1,82473.1,27177.8,60,4657,222
seed,4,50,0,1,1,82473.1,27177.8,60,4657,213
24588156,4,50,1,1,1,82473.1,67363.2,27,2283,186
seed,4,50,1,1,1,62557.4,53806,28,1768,152
seed,4,50,1,1,1,62557.4,53806,28,1768,150
24588171,4,50,0,1,2,62557.4,25226.1,77,4469,984
seed,4,50,0,1,2,62557.4,25226.1,77,4469,910
seed,4,50,0,1,2,62557.4,25226.1,77,4469,881
24588187,4,50,1,1,2,87067.5,75896,17,1164,371
seed,4,50,1,1,2,87067.5,75896,17,1164,331
seed,4,50,1,1,2,87067.5,75896,17,1164,304
24588203,8,50,0,0,0,66042.9,9256.65,44,15750,949
seed,8,50,0,0,0,66042.9,9256.65,44,15750,1058
seed,8,50,0,0,0,66042.9,9256.65,44,15750,860
24588218,8,50,1,0,0,64952.9,56948.5,23,8400,797
seed,8,50,1,0,0,64952.9,56948.5,23,8400,694
seed,8,50,1,0,0,64952.9,56948.5,23,8400,715
24588234,8,50,0,1,0,80369,9657.35,159,18826,884
seed,8,50,0,1,0,80369,9657.35,159,18826,766
seed,8,50,0,1,0,80369,9657.35,159,18826,752
24588265,8,50,1,1,0,71835,70415,10,1955,287
seed,8,50,1,1,0,71835,70415,10,1955,259
seed,8,50,1,1,0,71835,70415,10,1955,255
24588281,8,50,0,1,1,82667.4,12094.7,184,23149,1147
seed,8,50,0,1,1,82667.4,12094.7,184,23149,946
seed,8,50,0,1,1,82667.4,12094.7,184,23149,969
24588281,8,50,1,1,1,82667.4,77719,22,3782,341
seed,8,50,1,1,1,82667.4,77719,22,3782,302
seed,8,50,1,1,1,82667.4,77719,22,3782,282
24588296,8,50,0,1,2,59089,8948.25,161,16858,2484
seed,8,50,0,1,2,59089,8948.25,161,16858,2687
seed,8,50,0,1,2,59089,8948.25,161,16858,2783
24588312,8,50,1,1,2,67200.9,54635.4,25,4083,840
seed,8,50,1,1,2,67200.9,54635.4,25,4083,839
seed,8,50,1,1,2,67200.9,54635.4,25,4083,945
24588328,16,50,0,0,0,55027.5,3669.96,39,30000,1102
seed,16,50,0,0,0,55027.5,3669.96,39,30000,1100
seed,16,50,0,0,0,55027.5,3669.96,39,30000,1179
24588343,16,50,1,0,0,50085,48749.1,12,9750,940
seed,16,50,1,0,0,50085,48749.1,12,9750,878
seed,16,50,1,0,0,50085,48749.1,12,9750,922
24588359,16,50,0,1,0,72312,3093.1,244,53775,2234
seed,16,50,0,1,0,72312,3093.1,244,53775,2291
seed,16,50,0,1,0,72312,3093.1,244,53775,2154
24588375,16,50,1,1,0,52409.6,49094.8,32,10592,754
seed,16,50,1,1,0,52409.6,49094.8,32,10592,675
seed,16,50,1,1,0,52409.6,49094.8,32,10592,641
24588390,16,50,0,1,1,57641,2822.84,171,43811,2110
seed,16,50,0,1,1,57641,2822.84,171,43811,1653
seed,16,50,0,1,1,57641,2822.84,171,43811,1769
24588406,16,50,1,1,1,57585.4,54176.8,39,12945,1379
seed,16,50,1,1,1,57585.4,54176.8,39,12945,1331
seed,16,50,1,1,1,57585.4,54176.8,39,12945,1013
24588421,16,50,0,1,2,43683.7,2639.8,169,34905,4747
seed,16,50,0,1,2,43683.7,2639.8,169,34905,5140
seed,16,50,0,1,2,43683.7,2639.8,169,34905,5445
24588437,16,50,1,1,2,53425.5,46656.9,53,19250,2428
seed,16,50,1,1,2,53425.5,46656.9,53,19250,2523
seed,16,50,1,1,2,60019.6,58236.8,27,10700,1436
24588453,32,50,0,0,0,42745.3,1127.32,32,51150,1790
seed,32,50,0,0,0,42745.3,1127.32,32,51150,1709
seed,32,50,0,0,0,42745.3,1127.32,32,51150,2152
24588468,32,50,1,0,0,41013.9,40699.7,9,15500,1637
seed,32,50,1,0,0,41013.9,40699.7,9,15500,1564
seed,32,50,1,0,0,41013.9,40699.7,9,15500,1544
24588484,32,50,0,1,0,45294.3,1201.41,107,41874,1533
seed,32,50,0,1,0,45294.3,1201.41,107,41874,1464
seed,32,50,0,1,0,42314.6,1361.52,142,72937,3154
24588515,32,50,1,1,0,37560.3,37468.2,6,5377,1204
seed,32,50,1,1,0,37560.3,37468.2,6,5377,1232
seed,32,50,1,1,0,37560.3,37468.2,6,5377,1249
24588531,32,50,0,1,1,43819.1,933.61,149,61086,2363
seed,32,50,0,1,1,43819.1,933.61,149,61086,2262
seed,32,50,0,1,1,43819.1,933.61,149,61086,2204
24588546,32,50,1,1,1,51976.8,51445.8,10,8765,1728
seed,32,50,1,1,1,51976.8,51445.8,10,8765,1421
seed,32,50,1,1,1,51976.8,51445.8,10,8765,1367
24588562,32,50,0,1,2,42886.7,1080.01,160,62789,6626
seed,32,50,0,1,2,42886.7,1080.01,160,62789,6755
seed,32,50,0,1,2,42886.7,1080.01,160,62789,6847
24588578,32,50,1,1,2,40816.3,39995.3,11,9366,2036
seed,32,50,1,1,2,42480.8,41936.8,10,7426,1848
seed,32,50,1,1,2,42480.8,41936.8,10,7426,1895
24588593,2,60,0,0,0,104615,104615,0,60,4
seed,2,60,0,0,0,104615,104615,0,60,2
seed,2,60,0,0,0,104615,104615,0,60,2
24588609,2,60,1,0,0,96117,95538.3,2,180,96
seed,2,60,1,0,0,96117,95538.3,2,180,80
seed,2,60,1,0,0,96117,95538.3,2,180,95
24588625,2,60,0,1,0,87444.3,87444.3,0,60,7
seed,2,60,0,1,0,87444.3,87444.3,0,60,3
seed,2,60,0,1,0,87444.3,87444.3,0,60,4
24588625,2,60,1,1,0,87444.3,70922.1,25,714,113
seed,2,60,1,1,0,87444.3,70922.1,25,714,82
seed,2,60,1,1,0,87444.3,70922.1,25,714,111
24588640,2,60,0,1,1,102942,102942,0,60,4
seed,2,60,0,1,1,102942,102942,0,60,3
seed,2,60,0,1,1,102942,102942,0,60,2
24588656,2,60,1,1,1,102922,98636.6,8,353,81
seed,2,60,1,1,1,102922,98636.6,8,353,68
seed,2,60,1,1,1,102922,98636.6,8,353,89
24588656,2,60,0,1,2,102922,102922,0,60,21
seed,2,60,0,1,2,102922,102922,0,60,32
seed,2,60,0,1,2,102922,102922,0,60,31
24588671,2,60,1,1,2,100790,60961.9,26,763,374
seed,2,60,1,1,2,100790,60961.9,26,763,323
seed,2,60,1,1,2,100790,60961.9,26,763,338
24588687,4,60,0,0,0,96249.6,30378.6,51,9360,481
seed,4,60,0,0,0,96249.6,30378.6,51,9360,483
seed,4,60,0,0,0,96249.6,30378.6,51,9360,424
24588703,4,60,1,0,0,88615.6,71133.4,33,6120,472
seed,4,60,1,0,0,88615.6,71133.4,33,6120,321
seed,4,60,1,0,0,88615.6,71133.4,33,6120,316
24588703,4,60,0,1,0,88615.6,32140,73,5558,379
seed,4,60,0,1,0,88615.6,32140,73,5558,372
seed,4,60,0,1,0,88615.6,32140,73,5558,361
24588718,4,60,1,1,0,96549,70612.3,46,3325,251
seed,4,60,1,1,0,96549,70612.3,46,3325,226
seed,4,60,1,1,0,96549,70612.3,46,3325,214
24588734,4,60,0,1,1,98419.6,39117.9,79,5786,281
seed,4,60,0,1,1,98419.6,39117.9,79,5786,261
seed,4,60,0,1,1,98419.6,39117.9,79,5786,252
24588734,4,60,1,1,1,98419.6,77871.9,41,3754,262
seed,4,60,1,1,1,98419.6,77871.9,41,3754,248
seed,4,60,1,1,1,115600,99093.5,25,2747,212
24588750,4,60,0,1,2,115600,35432.4,71,4734,1230
seed,4,60,0,1,2,90254.4,32582.8,80,4974,1300
seed,4,60,0,1,2,90254.4,32582.8,80,4974,1090
24588765,4,60,1,1,2,90254.4,76648.8,32,2748,691
seed,4,60,1,1,2,90254.4,76648.8,32,2748,629
seed,4,60,1,1,2,99035,62712.4,47,4553,965
24588781,8,60,0,0,0,91368.4,12131.7,50,21420,824
seed,8,60,0,0,0,91368.4,12131.7,50,21420,818
seed,8,60,0,0,0,91368.4,12131.7,50,21420,805
24588796,8,60,1,0,0,91970.9,87448.1,14,6300,435
seed,8,60,1,0,0,91970.9,87448.1,14,6300,405
seed,8,60,1,0,0,91970.9,87448.1,14,6300,393
24588812,8,60,0,1,0,88061.4,12004.6,175,27118,1086
seed,8,60,0,1,0,88061.4,12004.6,175,27118,1335
seed,8,60,0,1,0,88061.4,12004.6,175,27118,1408
24588828,8,60,1,1,0,85102.8,65039.5,60,11358,782
seed,8,60,1,1,0,85102.8,65039.5,60,11358,798
seed,8,60,1,1,0,85102.8,65039.5,60,11358,727
24588843,8,60,0,1,1,74900.4,9819.07,165,25770,1045
seed,8,60,0,1,1,74900.4,9819.07,165,25770,1045
seed,8,60,0,1,1,74900.4,9819.07,165,25770,1272
24588843,8,60,1,1,1,74900.4,71656.9,26,3905,358
seed,8,60,1,1,1,74900.4,71656.9,26,3905,335
seed,8,60,1,1,1,74900.4,71656.9,26,3905,338
24588859,8,60,0,1,2,78251.9,10211.9,182,29417,4701
seed,8,60,0,1,2,78251.9,10211.9,182,29417,4553
seed,8,60,0,1,2,78145.5,9786.69,154,25293,3859
24588890,8,60,1,1,2,87186.4,77494.2,32,6709,1217
seed,8,60,1,1,2,87186.4,77494.2,32,6709,1153
seed,8,60,1,1,2,87186.4,77494.2,32,6709,1174
24588890,16,60,0,0,0,73903.5,4480.01,58,53100,1939
seed,16,60,0,0,0,68819.3,3991.04,59,54000,1969
seed,16,60,0,0,0,68819.3,3991.04,59,54000,1986
24588906,16,60,1,0,0,68819.3,63755.9,20,18900,1342
seed,16,60,1,0,0,80795.3,80314.1,4,4500,497
seed,16,60,1,0,0,80795.3,80314.1,4,4500,507
24588921,16,60,0,1,0,80795.3,3714.92,243,72610,2951
seed,16,60,0,1,0,80795.3,3714.92,243,72610,2906
seed,16,60,0,1,0,69482.7,3551.05,163,53123,2133
24588937,16,60,1,1,0,69482.7,66237.2,34,16256,915
seed,16,60,1,1,0,69482.7,66237.2,34,16256,988
seed,16,60,1,1,0,69482.7,66237.2,34,16256,956
24588953,16,60,0,1,1,75390.4,5009.08,192,67414,3018
seed,16,60,0,1,1,75390.4,5009.08,192,67414,3575
seed,16,60,0,1,1,77650.1,4109.75,229,71128,4731
24588984,16,60,1,1,1,69370.5,65710,22,9969,1111
seed,16,60,1,1,1,69370.5,65710,22,9969,1060
seed,16,60,1,1,1,69370.5,65710,22,9969,1078
24589000,16,60,0,1,2,79950.5,5074.91,332,84993,12575
seed,16,60,0,1,2,79950.5,5074.91,332,84993,12252
seed,16,60,0,1,2,75100.5,4054.85,283,87829,11258
24589046,16,60,1,1,2,71446.2,68419.9,40,17671,2660
seed,16,60,1,1,2,71446.2,68419.9,40,17671,3031
seed,16,60,1,1,2,71446.2,68419.9,40,17671,2549
24589062,32,60,0,0,0,51611.3,967.515,46,87420,3002
seed,32,60,0,0,0,51611.3,967.515,46,87420,3153
seed,32,60,0,0,0,51611.3,967.515,46,87420,2951
24589078,32,60,1,0,0,45956.9,44530.5,22,42780,4257
seed,32,60,1,0,0,45956.9,44530.5,22,42780,2933
seed,32,60,1,0,0,45956.9,44530.5,22,42780,2896
24589093,32,60,0,1,0,48286.5,1734.6,219,112215,4334
seed,32,60,0,1,0,48286.5,1734.6,219,112215,4344
seed,32,60,0,1,0,66868.3,2340.25,210,107955,4121
24589125,32,60,1,1,0,49897.1,49621.5,9,9282,1595
seed,32,60,1,1,0,49897.1,49621.5,9,9282,1574
seed,32,60,1,1,0,49897.1,49621.5,9,9282,1546
24589125,32,60,0,1,1,49897.1,1707.75,272,138875,4925
seed,32,60,0,1,1,60101.8,1358.51,218,95624,3488
seed,32,60,0,1,1,60101.8,1358.51,218,95624,3433
24589156,32,60,1,1,1,55905.9,55329.8,16,15308,1719
seed,32,60,1,1,1,55905.9,55329.8,16,15308,1856
seed,32,60,1,1,1,55905.9,55329.8,16,15308,1898
24589171,32,60,0,1,2,53378.5,1678.22,247,162502,16184
seed,32,60,0,1,2,60994.4,1514.31,252,120361,14266
seed,32,60,0,1,2,54673.2,1070.45,134,73503,7127
24589218,32,60,1,1,2,48978.6,47209.4,42,40775,5543
seed,32,60,1,1,2,48978.6,47209.4,42,40775,5177
seed,32,60,1,1,2,48978.6,47209.4,42,40775,4896
24589234,2,70,0,0,0,120582,120582,0,70,5
seed,2,70,0,0,0,120582,120582,0,70,5
seed,2,70,0,0,0,120582,120582,0,70,5
24589250,2,70,1,0,0,131979,123492,17,1260,130
seed,2,70,1,0,0,131979,123492,17,1260,118
seed,2,70,1,0,0,131979,123492,17,1260,113
24589265,2,70,0,1,0,112032,112032,0,70,6
seed,2,70,0,1,0,112032,112032,0,70,3
seed,2,70,0,1,0,112032,112032,0,70,3
24589281,2,70,1,1,0,105821,105506,3,196,101
seed,2,70,1,1,0,105821,105506,3,196,102
seed,2,70,1,1,0,105821,105506,3,196,96
24589281,2,70,0,1,1,105821,105821,0,70,5
seed,2,70,0,1,1,105821,105821,0,70,3
seed,2,70,0,1,1,120695,120695,0,70,3
24589296,2,70,1,1,1,120695,119828,7,341,94
seed,2,70,1,1,1,120695,119828,7,341,77
seed,2,70,1,1,1,120695,119828,7,341,75
24589312,2,70,0,1,2,112681,112681,0,70,31
seed,2,70,0,1,2,112681,112681,0,70,22
seed,2,70,0,1,2,112681,112681,0,70,22
24589328,2,70,1,1,2,100323,89174,19,780,343
seed,2,70,1,1,2,100323,89174,19,780,319
seed,2,70,1,1,2,100323,89174,19,780,344
24589328,4,70,0,0,0,99705.8,35989,59,12600,520
seed,4,70,0,0,0,99705.8,35989,59,12600,590
seed,4,70,0,0,0,99705.8,35989,59,12600,513
24589343,4,70,1,0,0,101372,75474.1,30,6510,431
seed,4,70,1,0,0,101372,75474.1,30,6510,469
seed,4,70,1,0,0,101372,75474.1,30,6510,379
24589359,4,70,0,1,0,97688.8,42150.5,62,6356,344
seed,4,70,0,1,0,97688.8,42150.5,62,6356,393
seed,4,70,0,1,0,97688.8,42150.5,62,6356,407
24589375,4,70,1,1,0,95223.9,92699.7,11,1100,197
seed,4,70,1,1,0,95223.9,92699.7,11,1100,142
seed,4,70,1,1,0,95223.9,92699.7,11,1100,147
24589390,4,70,0,1,1,111305,41721.5,91,7976,407
seed,4,70,0,1,1,111305,41721.5,91,7976,378
seed,4,70,0,1,1,111305,41721.5,91,7976,368
24589390,4,70,1,1,1,111305,97292.4,30,2855,293
seed,4,70,1,1,1,111305,97292.4,30,2855,247
seed,4,70,1,1,1,111305,97292.4,30,2855,337
24589406,4,70,0,1,2,128911,43720.3,111,8068,2159
seed,4,70,0,1,2,128911,43720.3,111,8068,2002
seed,4,70,0,1,2,128911,43720.3,111,8068,1521
24589421,4,70,1,1,2,125547,104618,42,4509,927
seed,4,70,1,1,2,125547,104618,42,4509,875
seed,4,70,1,1,2,125547,104618,42,4509,909
24589437,8,70,0,0,0,95907.7,14105.8,63,31360,1714
seed,8,70,0,0,0,95907.7,14105.8,63,31360,1199
seed,8,70,0,0,0,95907.7,14105.8,63,31360,1218
24589453,8,70,1,0,0,112607,105552,25,12740,894
seed,8,70,1,0,0,112607,105552,25,12740,693
seed,8,70,1,0,0,112607,105552,25,12740,664
24589468,8,70,0,1,0,114977,14856.4,282,43193,1880
seed,8,70,0,1,0,114977,14856.4,282,43193,1684
seed,8,70,0,1,0,114977,14856.4,282,43193,1647
24589484,8,70,1,1,0,106344,99147.1,25,6800,490
seed,8,70,1,1,0,106344,99147.1,25,6800,452
seed,8,70,1,1,0,106344,99147.1,25,6800,638
24589500,8,70,0,1,1,104335,12683.3,211,33556,1415
seed,8,70,0,1,1,104335,12683.3,211,33556,1445
seed,8,70,0,1,1,104335,12683.3,211,33556,1409
24589515,8,70,1,1,1,107192,74954.6,95,15921,846
seed,8,70,1,1,1,107192,74954.6,95,15921,816
seed,8,70,1,1,1,107192,74954.6,95,15921,807
24589531,8,70,0,1,2,92707.9,14478,179,30378,4037
seed,8,70,0,1,2,92707.9,14478,179,30378,4079
seed,8,70,0,1,2,92707.9,14478,179,30378,3964
24589546,8,70,1,1,2,108037,98731.5,48,12048,2131
seed,8,70,1,1,2,108037,98731.5,48,12048,1948
seed,8,70,1,1,2,108037,98731.5,48,12048,1832
24589562,16,70,0,0,0,84242.9,4628.53,64,68250,2670
seed,16,70,0,0,0,84242.9,4628.53,64,68250,2601
seed,16,70,0,0,0,84242.9,4628.53,64,68250,2566
24589578,16,70,1,0,0,89954.1,86896.2,24,26250,1615
seed,16,70,1,0,0,89954.1,86896.2,24,26250,1482
seed,16,70,1,0,0,89954.1,86896.2,24,26250,1488
24589593,16,70,0,1,0,77433,4687.3,289,96351,3963
seed,16,70,0,1,0,77433,4687.3,289,96351,3402
seed,16,70,0,1,0,98425.2,5790.1,347,135495,4692
24589609,16,70,1,1,0,98425.2,94932.9,31,14868,900
seed,16,70,1,1,0,98425.2,94932.9,31,14868,1019
seed,16,70,1,1,0,97108.4,94285.9,28,15558,1898
24589625,16,70,0,1,1,97108.4,4542.21,318,100992,4323
seed,16,70,0,1,1,87837.8,5505.8,342,122867,5194
seed,16,70,0,1,1,87837.8,5505.8,342,122867,5064
24589656,16,70,1,1,1,95169.8,92054.2,37,15398,1060
seed,16,70,1,1,1,95169.8,92054.2,37,15398,1033
seed,16,70,1,1,1,95169.8,92054.2,37,15398,1022
24589671,16,70,0,1,2,93535.5,5981.51,282,96612,11927
seed,16,70,0,1,2,93535.5,5981.51,282,96612,11087
seed,16,70,0,1,2,95760.7,4514.66,346,116138,13087
24589703,16,70,1,1,2,101577,89780.7,114,48291,5949
seed,16,70,1,1,2,85909.3,83659.5,22,13083,1985
seed,16,70,1,1,2,85909.3,83659.5,22,13083,2144
24589734,32,70,0,0,0,59001.2,1519.36,62,136710,4842
seed,32,70,0,0,0,59001.2,1519.36,62,136710,4678
seed,32,70,0,0,0,59001.2,1519.36,62,136710,4606
24589750,32,70,1,0,0,63233.8,62756.8,15,34720,2872
seed,32,70,1,0,0,63233.8,62756.8,15,34720,2822
seed,32,70,1,0,0,58036.2,56840.4,19,43400,2897
24589765,32,70,0,1,0,58036.2,1545.94,310,198170,10224
seed,32,70,0,1,0,49464.2,1467.3,299,176282,6144
seed,32,70,0,1,0,49464.2,1467.3,299,176282,6038
24589796,32,70,1,1,0,71002.1,70342.9,21,18568,2059
seed,32,70,1,1,0,65091.5,64831.4,6,8576,1668
seed,32,70,1,1,0,65091.5,64831.4,6,8576,1692
24589812,32,70,0,1,1,65091.5,1540.82,304,194651,7998
seed,32,70,0,1,1,83199.6,1542.37,293,211523,8106
seed,32,70,0,1,1,83199.6,1542.37,293,211523,7953
24589859,32,70,1,1,1,58126.8,56197.3,26,28160,2478
seed,32,70,1,1,1,58126.8,56197.3,26,28160,2431
seed,32,70,1,1,1,58126.8,56197.3,26,28160,2450
24589875,32,70,0,1,2,59126.7,1752.34,315,172175,18090
seed,32,70,0,1,2,83699.5,2049.82,302,193006,19174
seed,32,70,0,1,2,69969.6,1775.48,306,184208,23652
24589937,32,70,1,1,2,68086.2,67385.6,21,26771,4466
seed,32,70,1,1,2,68086.2,67385.6,21,26771,4525
seed,32,70,1,1,2,60100.7,57934,36,42398,5592
24589968,64,70,0,0,0,40971.2,508.482,40,180810,8382
seed,64,70,0,0,0,40971.2,508.482,40,180810,6527
seed,64,70,0,0,0,24485.4,485.839,26,119070,3387
24590000,64,70,1,0,0,28595.5,28512.3,4,22050,4103
seed,64,70,1,0,0,28595.5,28512.3,4,22050,3860
seed,64,70,1,0,0,28595.5,28512.3,4,22050,4239
24590015,64,70,0,1,0,49595.5,579.489,146,162827,5802
seed,64,70,0,1,0,54970,730.133,204,207409,9225
seed,64,70,0,1,0,54970,730.133,204,207409,6313
24590046,64,70,1,1,0,40239.8,39833.6,10,31510,4077
seed,64,70,1,1,0,59730.3,59655.8,5,13482,3786
seed,64,70,1,1,0,59730.3,59655.8,5,13482,4314
24590078,64,70,0,1,1,40855.9,580.288,211,239892,10861
seed,64,70,0,1,1,51306.7,763.606,140,173624,6016
seed,64,70,0,1,1,51306.7,763.606,140,173624,5833
24590109,64,70,1,1,1,50990.4,50623.1,16,33409,3986
seed,64,70,1,1,1,48613.5,48435.6,5,17759,3529
seed,64,70,1,1,1,48613.5,48435.6,5,17759,3733
24590140,64,70,0,1,2,50771.1,702.148,192,172588,18312
seed,64,70,0,1,2,54476.4,815.419,169,194126,18309
seed,64,70,0,1,2,51419,841.949,211,218169,24118
24590203,64,70,1,1,2,41909.5,41823.2,9,25202,5557
seed,64,70,1,1,2,57563.6,57216.3,7,17527,4532
seed,64,70,1,1,2,57563.6,57216.3,7,17527,4295
24590234,2,80,0,0,0,131540,131540,0,80,6
seed,2,80,0,0,0,131540,131540,0,80,4
seed,2,80,0,0,0,131540,131540,0,80,3
24590234,2,80,1,0,0,131540,129400,5,480,88
seed,2,80,1,0,0,131540,129400,5,480,95
seed,2,80,1,0,0,133473,130780,4,400,85
24590250,2,80,0,1,0,133473,133473,0,80,8
seed,2,80,0,1,0,133473,133473,0,80,5
seed,2,80,0,1,0,133473,133473,0,80,3
24590265,2,80,1,1,0,138808,131623,16,748,137
seed,2,80,1,1,0,138808,131623,16,748,111
seed,2,80,1,1,0,138808,131623,16,748,108
24590281,2,80,0,1,1,122424,122424,0,80,5
seed,2,80,0,1,1,122424,122424,0,80,3
seed,2,80,0,1,1,122424,122424,0,80,3
24590296,2,80,1,1,1,136565,102691,33,1331,144
seed,2,80,1,1,1,136565,102691,33,1331,134
seed,2,80,1,1,1,136565,102691,33,1331,130
24590312,2,80,0,1,2,143137,143137,0,80,49
seed,2,80,0,1,2,143137,143137,0,80,39
seed,2,80,0,1,2,143137,143137,0,80,30
24590328,2,80,1,1,2,136626,129207,14,578,332
seed,2,80,1,1,2,136626,129207,14,578,307
seed,2,80,1,1,2,136626,129207,14,578,317
24590328,4,80,0,0,0,133915,44494.9,57,13920,630
seed,4,80,0,0,0,138083,49047.2,59,14400,614
seed,4,80,0,0,0,138083,49047.2,59,14400,612
24590343,4,80,1,0,0,138083,118962,37,9120,548
seed,4,80,1,0,0,138083,118962,37,9120,505
seed,4,80,1,0,0,138776,121796,21,5280,338
24590359,4,80,0,1,0,138776,51487.2,175,15772,779
seed,4,80,0,1,0,138776,51487.2,175,15772,758
seed,4,80,0,1,0,138776,51487.2,175,15772,703
24590375,4,80,1,1,0,121693,119397,13,1672,198
seed,4,80,1,1,0,121693,119397,13,1672,196
seed,4,80,1,1,0,121693,119397,13,1672,180
24590390,4,80,0,1,1,135163,47776.6,91,10496,578
seed,4,80,0,1,1,135163,47776.6,91,10496,499
seed,4,80,0,1,1,135163,47776.6,91,10496,449
24590406,4,80,1,1,1,124417,102454,38,4275,332
seed,4,80,1,1,1,124417,102454,38,4275,309
seed,4,80,1,1,1,124417,102454,38,4275,300
24590421,4,80,0,1,2,129840,47907.1,78,8342,1684
seed,4,80,0,1,2,129840,47907.1,78,8342,1666
seed,4,80,0,1,2,129840,47907.1,78,8342,1900
24590437,4,80,1,1,2,149714,140928,22,2594,649
seed,4,80,1,1,2,149714,140928,22,2594,615
seed,4,80,1,1,2,149714,140928,22,2594,603
24590453,8,80,0,0,0,115159,19111.4,65,36960,1445
seed,8,80,0,0,0,115159,19111.4,65,36960,1435
seed,8,80,0,0,0,115159,19111.4,65,36960,1924
24590468,8,80,1,0,0,109394,102666,25,14560,827
seed,8,80,1,0,0,109394,102666,25,14560,803
seed,8,80,1,0,0,109394,102666,25,14560,781
24590484,8,80,0,1,0,122573,14586.6,211,40455,1618
seed,8,80,0,1,0,122573,14586.6,211,40455,1665
seed,8,80,0,1,0,122573,14586.6,211,40455,1661
24590500,8,80,1,1,0,103404,92222.1,52,14344,1181
seed,8,80,1,1,0,103404,92222.1,52,14344,1212
seed,8,80,1,1,0,103404,92222.1,52,14344,1197
24590515,8,80,0,1,1,125946,17525.9,276,58962,2652
seed,8,80,0,1,1,125946,17525.9,276,58962,3581
seed,8,80,0,1,1,125946,17525.9,276,58962,3406
24590531,8,80,1,1,1,122596,115245,36,9942,677
seed,8,80,1,1,1,122596,115245,36,9942,837
seed,8,80,1,1,1,122596,115245,36,9942,885
24590546,8,80,0,1,2,124409,17334.9,294,59057,8736
seed,8,80,0,1,2,105493,15819.6,243,55878,7747
seed,8,80,0,1,2,105493,15819.6,243,55878,7433
24590578,8,80,1,1,2,111878,91267.4,85,22935,10778
seed,8,80,1,1,2,126034,118833,33,7661,4729
seed,8,80,1,1,2,126034,118833,33,7661,1214
24590609,16,80,0,0,0,116088,5524.7,83,100800,4438
seed,16,80,0,0,0,116088,5524.7,83,100800,3758
seed,16,80,0,0,0,110766,5445.84,80,97200,3535
24590640,16,80,1,0,0,145125,139137,45,55200,2445
seed,16,80,1,0,0,145125,139137,45,55200,2706
seed,16,80,1,0,0,145125,139137,45,55200,2347
24590656,16,80,0,1,0,103544,5095.19,388,139222,5145
seed,16,80,0,1,0,103544,5095.19,388,139222,5300
seed,16,80,0,1,0,103544,5095.19,388,139222,4951
24590671,16,80,1,1,0,100164,95694.1,54,30532,1515
seed,16,80,1,1,0,100164,95694.1,54,30532,1550
seed,16,80,1,1,0,105661,97107,70,35204,2132
24590687,16,80,0,1,1,105661,5960.88,325,133470,5110
seed,16,80,0,1,1,110273,5552.56,405,163154,6299
seed,16,80,0,1,1,110273,5552.56,405,163154,6272
24590718,16,80,1,1,1,86245.2,83337.8,34,18493,1159
seed,16,80,1,1,1,86245.2,83337.8,34,18493,1152
seed,16,80,1,1,1,86245.2,83337.8,34,18493,1499
24590734,16,80,0,1,2,116617,5825.79,518,207932,23448
seed,16,80,0,1,2,115377,6742.25,470,178857,23208
seed,16,80,0,1,2,116456,6725.84,385,142318,20600
24590812,16,80,1,1,2,107877,94319.7,83,38690,4754
seed,16,80,1,1,2,107877,94319.7,83,38690,4770
seed,16,80,1,1,2,107877,94319.7,83,38690,4611
24590828,32,80,0,0,0,78368.6,1963.03,68,171120,9533
seed,32,80,0,0,0,74911.4,1609.84,64,161200,9775
seed,32,80,0,0,0,98346.7,2137.86,77,193440,10246
24590875,32,80,1,0,0,88103.1,86968.4,22,57040,3934
seed,32,80,1,0,0,88103.1,86968.4,22,57040,3927
seed,32,80,1,0,0,88103.1,86968.4,22,57040,3576
24590890,32,80,0,1,0,99494.2,2385.92,403,321947,11712
seed,32,80,0,1,0,80449.7,2171.13,336,248783,8193
seed,32,80,0,1,0,84099,1839.13,462,316061,9845
24590937,32,80,1,1,0,93186.4,89833.1,65,89620,4798
seed,32,80,1,1,0,93186.4,89833.1,65,89620,4874
seed,32,80,1,1,0,93186.4,89833.1,65,89620,4774
24590953,32,80,0,1,1,85558.8,1943.66,326,224317,8773
seed,32,80,0,1,1,91587,2112.76,423,295070,12326
seed,32,80,0,1,1,84375,1652.69,367,271659,13810
24591000,32,80,1,1,1,88745.5,87624.2,26,38528,2934
seed,32,80,1,1,1,88745.5,87624.2,26,38528,3001
seed,32,80,1,1,1,88745.5,87624.2,26,38528,2970
24591015,32,80,0,1,2,91429,2141.54,332,238580,24776
seed,32,80,0,1,2,83049.9,1907.96,350,251645,26653
seed,32,80,0,1,2,84271.1,2422.26,330,264571,25816
24591109,32,80,1,1,2,100498,97688.7,56,66293,10857
seed,32,80,1,1,2,100498,97688.7,56,66293,8327
seed,32,80,1,1,2,74923,73402.3,43,50071,6505
24591140,64,80,0,0,0,77281.8,755.425,55,282240,11572
seed,64,80,0,0,0,58569.2,758.455,40,206640,10711
seed,64,80,0,0,0,65937.1,837.956,62,317520,13684
24591187,64,80,1,0,0,56203.6,55854.6,11,60480,4956
seed,64,80,1,0,0,56203.6,55854.6,11,60480,4947
seed,64,80,1,0,0,64446.7,64055.8,16,85680,5598
24591218,64,80,0,1,0,59933.3,842.196,217,359732,11858
seed,64,80,0,1,0,53101.5,670.035,229,311242,10441
seed,64,80,0,1,0,53101.5,670.035,229,311242,10164
24591250,64,80,1,1,0,66192.4,65964.3,14,35235,4891
seed,64,80,1,1,0,59720.1,59305.4,22,60171,5702
seed,64,80,1,1,0,59720.1,59305.4,22,60171,5473
24591281,64,80,0,1,1,83774.3,984.387,291,441139,20129
seed,64,80,0,1,1,56812.5,723.594,259,325455,12188
seed,64,80,0,1,1,54288.9,669.034,234,284681,10079
24591328,64,80,1,1,1,54917.1,54454.3,24,57009,7146
seed,64,80,1,1,1,58923.5,58635.9,14,44109,5001
seed,64,80,1,1,1,58923.5,58635.9,14,44109,5094
24591359,64,80,0,1,2,48166.5,895.446,219,275039,27759
seed,64,80,0,1,2,51208.8,586.419,198,312864,29164
seed,64,80,0,1,2,64124.1,790.756,246,272687,29316
24591468,64,80,1,1,2,50759,50300.2,14,39499,10481
seed,64,80,1,1,2,50759,50300.2,14,39499,7095
seed,64,80,1,1,2,59324.3,58865,13,33637,6832
24591500,2,90,0,0,0,162552,162552,0,90,11
seed,2,90,0,0,0,162552,162552,0,90,6
seed,2,90,0,0,0,162552,162552,0,90,18
24591515,2,90,1,0,0,163726,157252,17,1620,238
seed,2,90,1,0,0,163726,157252,17,1620,222
seed,2,90,1,0,0,163726,157252,17,1620,227
24591531,2,90,0,1,0,147485,147485,0,90,8
seed,2,90,0,1,0,147485,147485,0,90,21
seed,2,90,0,1,0,147485,147485,0,90,4
24591546,2,90,1,1,0,158769,155141,10,578,177
seed,2,90,1,1,0,158769,155141,10,578,124
seed,2,90,1,1,0,158769,155141,10,578,96
24591546,2,90,0,1,1,158769,158769,0,90,5
seed,2,90,0,1,1,158769,158769,0,90,14
seed,2,90,0,1,1,158769,158769,0,90,4
24591562,2,90,1,1,1,146510,146326,1,160,95
seed,2,90,1,1,1,146510,146326,1,160,87
seed,2,90,1,1,1,146510,146326,1,160,79
24591578,2,90,0,1,2,149331,149331,0,90,41
seed,2,90,0,1,2,149331,149331,0,90,39
seed,2,90,0,1,2,149331,149331,0,90,40
24591593,2,90,1,1,2,160586,157368,6,336,231
seed,2,90,1,1,2,160586,157368,6,336,209
seed,2,90,1,1,2,160586,157368,6,336,189
24591609,4,90,0,0,0,147613,56863.8,58,15930,872
seed,4,90,0,0,0,147613,56863.8,58,15930,946
seed,4,90,0,0,0,147613,56863.8,58,15930,651
24591625,4,90,1,0,0,151535,141669,22,6210,620
seed,4,90,1,0,0,151535,141669,22,6210,564
seed,4,90,1,0,0,151535,141669,22,6210,528
24591640,4,90,0,1,0,155333,51902,146,16648,1006
seed,4,90,0,1,0,155333,51902,146,16648,1137
seed,4,90,0,1,0,155333,51902,146,16648,1090
24591656,4,90,1,1,0,140342,119114,59,7971,531
seed,4,90,1,1,0,140342,119114,59,7971,640
seed,4,90,1,1,0,140342,119114,59,7971,648
24591671,4,90,0,1,1,143605,50019.1,118,13353,687
seed,4,90,0,1,1,143605,50019.1,118,13353,919
seed,4,90,0,1,1,143605,50019.1,118,13353,858
24591687,4,90,1,1,1,139923,133995,15,2742,271
seed,4,90,1,1,1,139923,133995,15,2742,331
seed,4,90,1,1,1,139923,133995,15,2742,390
24591703,4,90,0,1,2,157859,54328.8,123,14695,2675
seed,4,90,0,1,2,157859,54328.8,123,14695,2798
seed,4,90,0,1,2,157859,54328.8,123,14695,2772
24591718,4,90,1,1,2,136987,112637,35,4898,1581
seed,4,90,1,1,2,136987,112637,35,4898,1601
seed,4,90,1,1,2,136987,112637,35,4898,1241
24591734,8,90,0,0,0,112903,21270.2,72,45990,2122
seed,8,90,0,0,0,112903,21270.2,72,45990,2448
seed,8,90,0,0,0,112903,21270.2,72,45990,1745
24591750,8,90,1,0,0,144324,130908,47,30240,2088
seed,8,90,1,0,0,144324,130908,47,30240,1703
seed,8,90,1,0,0,144324,130908,47,30240,1850
24591781,8,90,0,1,0,159108,20104.1,344,77745,4043
seed,8,90,0,1,0,159108,20104.1,344,77745,4095
seed,8,90,0,1,0,159108,20104.1,344,77745,3067
24591796,8,90,1,1,0,127467,122160,30,9566,953
seed,8,90,1,1,0,127467,122160,30,9566,922
seed,8,90,1,1,0,127467,122160,30,9566,965
24591812,8,90,0,1,1,133782,17317.1,289,65322,4105
seed,8,90,0,1,1,151947,19881.3,237,52508,3267
seed,8,90,0,1,1,151947,19881.3,237,52508,4505
24591843,8,90,1,1,1,130180,126103,25,7219,1005
seed,8,90,1,1,1,130180,126103,25,7219,746
seed,8,90,1,1,1,130180,126103,25,7219,752
24591859,8,90,0,1,2,142871,15865.8,379,83984,14874
seed,8,90,0,1,2,136592,18067.6,211,56807,10621
seed,8,90,0,1,2,136592,18067.6,211,56807,9659
24591906,8,90,1,1,2,138171,116821,85,23917,3471
seed,8,90,1,1,2,138171,116821,85,23917,3603
seed,8,90,1,1,2,138171,116821,85,23917,3609
24591921,16,90,0,0,0,113550,8162.21,86,117450,5378
seed,16,90,0,0,0,113550,8162.21,86,117450,4344
seed,16,90,0,0,0,113550,8162.21,86,117450,4404
24591937,16,90,1,0,0,110024,104659,32,44550,2285
seed,16,90,1,0,0,135907,128228,37,51300,2972
seed,16,90,1,0,0,135907,128228,37,51300,2834
24591968,16,90,0,1,0,123863,7558.09,612,253113,9303
seed,16,90,0,1,0,123863,7558.09,612,253113,14897
seed,16,90,0,1,0,123496,7515.12,546,247608,10444
24592000,16,90,1,1,0,114459,112310,29,18965,1606
seed,16,90,1,1,0,114459,112310,29,18965,1723
seed,16,90,1,1,0,132719,127871,53,32434,2181
24592015,16,90,0,1,1,132719,7455.21,485,216044,8758
seed,16,90,0,1,1,149005,7056.71,529,222739,8755
seed,16,90,0,1,1,120460,7127.18,471,218937,8485
24592062,16,90,1,1,1,113313,109660,47,28374,2044
seed,16,90,1,1,1,113313,109660,47,28374,1937
seed,16,90,1,1,1,113313,109660,47,28374,2089
24592078,16,90,0,1,2,125461,7180.27,409,183194,19295
seed,16,90,0,1,2,110065,7064.16,476,201341,21731
seed,16,90,0,1,2,140081,8066.12,472,229452,25384
24592156,16,90,1,1,2,122292,117736,43,28837,3876
seed,16,90,1,1,2,122292,117736,43,28837,3917
seed,16,90,1,1,2,122292,117736,43,28837,3675
24592171,32,90,0,0,0,93697.7,2497.09,87,245520,9026
seed,32,90,0,0,0,93697.7,2497.09,87,245520,8845
seed,32,90,0,0,0,102376,2462.08,89,251100,9189
24592203,32,90,1,0,0,101272,98194.1,32,92070,5412
seed,32,90,1,0,0,101272,98194.1,32,92070,5757
seed,32,90,1,0,0,94147.1,91724.9,28,80910,4896
24592234,32,90,0,1,0,91680.9,2363.76,447,384342,14333
seed,32,90,0,1,0,99342.4,3097.93,501,354451,13539
seed,32,90,0,1,0,99342.4,3097.93,501,354451,15208
24592281,32,90,1,1,0,100699,99673.9,27,43698,3906
seed,32,90,1,1,0,100699,99673.9,27,43698,3196
seed,32,90,1,1,0,110196,107243,55,72686,4239
24592296,32,90,0,1,1,110196,3143.53,471,386450,14615
seed,32,90,0,1,1,102594,2838.34,533,423094,15466
seed,32,90,0,1,1,99066.9,2123.25,455,386205,15163
24592359,32,90,1,1,1,113559,110574,51,57572,3844
seed,32,90,1,1,1,113559,110574,51,57572,3889
seed,32,90,1,1,1,113559,110574,51,57572,3853
24592375,32,90,0,1,2,111673,2208.64,428,364427,36241
seed,32,90,0,1,2,99239.7,2459.77,478,424278,41607
seed,32,90,0,1,2,91220,2430.54,393,336871,31455
24592500,32,90,1,1,2,96891.3,94429.6,55,59551,8165
seed,32,90,1,1,2,96891.3,94429.6,55,59551,6885
seed,32,90,1,1,2,83437.9,81893.9,40,53553,6749
24592531,64,90,0,0,0,83089.7,697.211,67,385560,16168
seed,64,90,0,0,0,69915.5,656.907,60,345870,12738
seed,64,90,0,0,0,72822.2,653.282,55,317520,9744
24592578,64,90,1,0,0,75485.3,75157.1,9,56700,5865
seed,64,90,1,0,0,75485.3,75157.1,9,56700,5443
seed,64,90,1,0,0,69978,69747.9,14,85050,6185
24592609,64,90,0,1,0,76758.7,1252.45,239,426681,14246
seed,64,90,0,1,0,76758.7,1252.45,239,426681,13442
seed,64,90,0,1,0,76233,910.702,376,524444,17071
24592656,64,90,1,1,0,75804.5,75208.8,29,86342,6503
seed,64,90,1,1,0,75804.5,75208.8,29,86342,6295
seed,64,90,1,1,0,76054.4,75912.8,11,41656,4895
24592687,64,90,0,1,1,85348,865.941,364,508665,17620
seed,64,90,0,1,1,70016.4,890.717,310,446523,15514
seed,64,90,0,1,1,70097.6,895.524,339,463747,16170
24592734,64,90,1,1,1,79966.4,79669.1,17,41076,5177
seed,64,90,1,1,1,62474.4,62337.1,13,40160,5001
seed,64,90,1,1,1,62474.4,62337.1,13,40160,5078
24592765,64,90,0,1,2,78945.2,849.559,375,516033,51797
seed,64,90,0,1,2,64830,863.431,295,380086,47295
seed,64,90,0,1,2,56995.2,1045.54,273,411477,40327
24592906,64,90,1,1,2,74243.4,74003.4,10,35367,11264
seed,64,90,1,1,2,72095,71390.9,32,89964,27270
seed,64,90,1,1,2,65761.1,65174,24,82900,11124
24592968,2,100,0,0,0,182873,182873,0,100,6
seed,2,100,0,0,0,182873,182873,0,100,10
seed,2,100,0,0,0,182873,182873,0,100,4
24592984,2,100,1,0,0,161554,157528,10,1100,166
seed,2,100,1,0,0,161554,157528,10,1100,131
seed,2,100,1,0,0,161554,157528,10,1100,130
24593000,2,100,0,1,0,134126,134126,0,100,12
seed,2,100,0,1,0,134126,134126,0,100,6
seed,2,100,0,1,0,134126,134126,0,100,6
24593000,2,100,1,1,0,134126,129952,12,674,112
seed,2,100,1,1,0,134126,129952,12,674,108
seed,2,100,1,1,0,134126,129952,12,674,110
24593015,2,100,0,1,1,164198,164198,0,100,6
seed,2,100,0,1,1,164198,164198,0,100,7
seed,2,100,0,1,1,164198,164198,0,100,4
24593031,2,100,1,1,1,166166,163959,11,678,128
seed,2,100,1,1,1,166166,163959,11,678,115
seed,2,100,1,1,1,166166,163959,11,678,112
24593031,2,100,0,1,2,166166,166166,0,100,52
seed,2,100,0,1,2,166166,166166,0,100,47
seed,2,100,0,1,2,171182,171182,0,100,47
24593046,2,100,1,1,2,171182,163723,10,553,468
seed,2,100,1,1,2,171182,163723,10,553,301
seed,2,100,1,1,2,171182,163723,10,553,315
24593062,4,100,0,0,0,163099,64273.3,66,20100,873
seed,4,100,0,0,0,163099,64273.3,66,20100,1308
seed,4,100,0,0,0,163099,64273.3,66,20100,1359
24593078,4,100,1,0,0,164509,131839,37,11400,709
seed,4,100,1,0,0,164509,131839,37,11400,623
seed,4,100,1,0,0,164509,131839,37,11400,670
24593093,4,100,0,1,0,172335,59145.5,125,14538,661
seed,4,100,0,1,0,172335,59145.5,125,14538,612
seed,4,100,0,1,0,172335,59145.5,125,14538,608
24593109,4,100,1,1,0,160159,141834,46,7795,510
seed,4,100,1,1,0,160159,141834,46,7795,470
seed,4,100,1,1,0,160159,141834,46,7795,452
24593109,4,100,0,1,1,160159,59141.8,166,18566,1134
seed,4,100,0,1,1,160159,59141.8,166,18566,843
seed,4,100,0,1,1,157307,58187.5,113,13747,571
24593125,4,100,1,1,1,157307,152370,28,4869,354
seed,4,100,1,1,1,157307,152370,28,4869,444
seed,4,100,1,1,1,157307,152370,28,4869,384
24593140,4,100,0,1,2,178510,63260.4,96,12797,2779
seed,4,100,0,1,2,178510,63260.4,96,12797,2631
seed,4,100,0,1,2,155034,56480.5,130,16816,3230
24593156,4,100,1,1,2,155034,144538,41,7398,1586
seed,4,100,1,1,2,160781,145723,33,5245,1231
seed,4,100,1,1,2,160781,145723,33,5245,1206
24593171,8,100,0,0,0,152872,22109.1,89,63000,3385
seed,8,100,0,0,0,160050,20689.4,91,64400,3016
seed,8,100,0,0,0,160050,20689.4,91,64400,2691
24593203,8,100,1,0,0,149765,142680,25,18200,1489
seed,8,100,1,0,0,149765,142680,25,18200,1488
seed,8,100,1,0,0,149765,142680,25,18200,1058
24593218,8,100,0,1,0,160654,20362.4,357,95262,4348
seed,8,100,0,1,0,160654,20362.4,357,95262,5593
seed,8,100,0,1,0,150554,19510.5,379,100199,4340
24593250,8,100,1,1,0,158651,134268,102,31980,2011
seed,8,100,1,1,0,158651,134268,102,31980,1913
seed,8,100,1,1,0,158651,134268,102,31980,1695
24593265,8,100,0,1,1,163083,19249.1,343,88548,4197
seed,8,100,0,1,1,163083,19249.1,343,88548,3807
seed,8,100,0,1,1,163083,19249.1,343,88548,3918
24593281,8,100,1,1,1,152814,135244,102,32328,1587
seed,8,100,1,1,1,152814,135244,102,32328,1581
seed,8,100,1,1,1,165670,157079,34,10770,681
24593296,8,100,0,1,2,165670,20166.8,276,74852,10542
seed,8,100,0,1,2,157242,23895.4,359,91661,12940
seed,8,100,0,1,2,169823,21380.3,380,98544,12842
24593343,8,100,1,1,2,153133,142884,49,15923,2540
seed,8,100,1,1,2,153133,142884,49,15923,2548
seed,8,100,1,1,2,171920,160353,59,20758,3175
24593359,16,100,0,0,0,156519,8560.21,105,159000,6441
seed,16,100,0,0,0,146081,7997.19,104,157500,6197
seed,16,100,0,0,0,146081,7997.19,104,157500,5941
24593390,16,100,1,0,0,138092,133676,26,40500,2096
seed,16,100,1,0,0,138092,133676,26,40500,2178
seed,16,100,1,0,0,155626,141674,36,55500,3156
24593406,16,100,0,1,0,155626,8249.35,522,267644,10657
seed,16,100,0,1,0,133230,8806.2,500,259718,10241
seed,16,100,0,1,0,130627,7432.22,554,288850,12278
24593453,16,100,1,1,0,129411,124293,51,44216,2192
seed,16,100,1,1,0,129411,124293,51,44216,2089
seed,16,100,1,1,0,129411,124293,51,44216,2053
24593468,16,100,0,1,1,126127,7781.53,439,238259,13389
seed,16,100,0,1,1,133292,8193.16,574,286556,11356
seed,16,100,0,1,1,130104,7489.39,465,261938,10213
24593515,16,100,1,1,1,140937,137238,50,39415,2711
seed,16,100,1,1,1,140937,137238,50,39415,2034
seed,16,100,1,1,1,160058,155638,63,45131,2697
24593546,16,100,0,1,2,140397,8006.69,645,311958,34605
seed,16,100,0,1,2,122227,7949.2,534,251470,36460
seed,16,100,0,1,2,146033,9005.75,524,267029,35895
24593656,16,100,1,1,2,145997,131412,101,65374,9457
seed,16,100,1,1,2,121506,119310,35,26088,4675
seed,16,100,1,1,2,121506,119310,35,26088,4890
24593687,32,100,0,0,0,125124,2606.13,106,331700,13279
seed,32,100,0,0,0,135704,3520.24,98,306900,11891
seed,32,100,0,0,0,132498,3065.61,102,319300,12628
24593734,32,100,1,0,0,117572,113496,35,111600,6235
seed,32,100,1,0,0,114095,110055,36,114700,6177
seed,32,100,1,0,0,114095,110055,36,114700,6241
24593765,32,100,0,1,0,112831,3195.81,533,523892,20379
seed,32,100,0,1,0,124255,2671.48,599,593914,21483
seed,32,100,0,1,0,112284,3132.03,646,545014,19501
24593843,32,100,1,1,0,111445,108476,54,80780,4524
seed,32,100,1,1,0,111445,108476,54,80780,5227
seed,32,100,1,1,0,111445,108476,54,80780,5076
24593859,32,100,0,1,1,130348,2888.89,605,544226,21197
seed,32,100,0,1,1,100127,3104.5,614,537185,20161
seed,32,100,0,1,1,125643,2904.28,629,535197,20776
24593937,32,100,1,1,1,108438,105629,56,74955,4871
seed,32,100,1,1,1,108438,105629,56,74955,4858
seed,32,100,1,1,1,108438,105629,56,74955,5012
24593953,32,100,0,1,2,119268,2710.83,643,626400,62276
seed,32,100,0,1,2,97794.8,3266.75,488,471126,51437
seed,32,100,0,1,2,136073,2861.04,520,485787,45414
24594125,32,100,1,1,2,124686,122466,66,98559,12216
seed,32,100,1,1,2,116573,115004,41,68967,9141
seed,32,100,1,1,2,116573,115004,41,68967,9289
24594171,64,100,0,0,0,80351,1127.26,64,409500,16977
seed,64,100,0,0,0,72825.9,781.759,67,428400,16302
seed,64,100,0,0,0,78656,708.742,64,409500,13362
24594218,64,100,1,0,0,79274.3,78342.4,25,163800,9557
seed,64,100,1,0,0,97123.7,96418.6,18,119700,8253
seed,64,100,1,0,0,97123.7,96418.6,18,119700,7771
24594265,64,100,0,1,0,93241.4,977.534,426,685583,23586
seed,64,100,0,1,0,98010.2,1281.08,391,725760,32840
seed,64,100,0,1,0,87503.1,985.218,311,595860,29637
24594359,64,100,1,1,0,99437.6,98857.6,24,75937,7379
seed,64,100,1,1,0,99437.6,98857.6,24,75937,6620
seed,64,100,1,1,0,68025.6,67656.8,15,56630,5829
24594390,64,100,0,1,1,62694.2,935.952,298,493768,18413
seed,64,100,0,1,1,75627.5,928.679,366,698934,25214
seed,64,100,0,1,1,73314.7,938.685,454,841271,29877
24594468,64,100,1,1,1,86600.1,85942.6,26,81189,7601
seed,64,100,1,1,1,106429,105294,45,137520,11799
seed,64,100,1,1,1,106429,105294,45,137520,9231
24594500,64,100,0,1,2,90222,970.699,410,727676,78232
seed,64,100,0,1,2,74352.9,985.445,443,684981,72874
seed,64,100,0,1,2,93216.5,965.168,492,827675,80142
24594750,64,100,1,1,2,89288.4,88474.6,37,117644,14808
seed,64,100,1,1,2,89586.3,88809,37,113151,14070
seed,64,100,1,1,2,72341.5,71928.9,24,79996,10924
24594796,2,200,0,0,0,339393,339393,0,200,10
seed,2,200,0,0,0,339393,339393,0,200,8
seed,2,200,0,0,0,339393,339393,0,200,8
24594812,2,200,1,0,0,344193,337898,17,3600,329
seed,2,200,1,0,0,344193,337898,17,3600,333
seed,2,200,1,0,0,344193,337898,17,3600,336
24594812,2,200,0,1,0,344193,344193,0,200,10
seed,2,200,0,1,0,344193,344193,0,200,8
seed,2,200,0,1,0,344193,344193,0,200,8
24594828,2,200,1,1,0,343182,327108,33,3066,470
seed,2,200,1,1,0,343182,327108,33,3066,283
seed,2,200,1,1,0,343182,327108,33,3066,302
24594843,2,200,0,1,1,338846,338846,0,200,10
seed,2,200,0,1,1,338846,338846,0,200,8
seed,2,200,0,1,1,338846,338846,0,200,8
24594843,2,200,1,1,1,338846,330571,19,1305,340
seed,2,200,1,1,1,338846,330571,19,1305,235
seed,2,200,1,1,1,338846,330571,19,1305,244
24594859,2,200,0,1,2,309618,309618,0,200,107
seed,2,200,0,1,2,309618,309618,0,200,98
seed,2,200,0,1,2,309618,309618,0,200,99
24594875,2,200,1,1,2,321329,263497,92,7613,4003
seed,2,200,1,1,2,321329,263497,92,7613,3112
seed,2,200,1,1,2,321329,263497,92,7613,3517
24594890,4,200,0,0,0,287323,109277,125,75600,3091
seed,4,200,0,0,0,287323,109277,125,75600,4271
seed,4,200,0,0,0,324702,119123,156,94200,5943
24594921,4,200,1,0,0,328435,273069,74,45000,2206
seed,4,200,1,0,0,328435,273069,74,45000,2066
seed,4,200,1,0,0,328435,273069,74,45000,2300
24594937,4,200,0,1,0,316269,121796,234,60704,2524
seed,4,200,0,1,0,316269,121796,234,60704,2697
seed,4,200,0,1,0,316269,121796,234,60704,2671
24594953,4,200,1,1,0,327738,302862,78,22798,1441
seed,4,200,1,1,0,327738,302862,78,22798,1406
seed,4,200,1,1,0,327738,302862,78,22798,1529
24594968,4,200,0,1,1,356653,130893,281,61087,3751
seed,4,200,0,1,1,356653,130893,281,61087,3030
seed,4,200,0,1,1,353609,128344,312,68686,3081
24594984,4,200,1,1,1,353609,324124,71,21510,1289
seed,4,200,1,1,1,334316,289271,97,28866,1536
seed,4,200,1,1,1,334316,289271,97,28866,1478
24595000,4,200,0,1,2,334316,125207,200,52092,16527
seed,4,200,0,1,2,301444,119553,372,91805,19008
seed,4,200,0,1,2,305857,121208,313,72708,13914
24595062,4,200,1,1,2,328084,236496,129,33807,8004
seed,4,200,1,1,2,349436,295853,85,25298,5058
seed,4,200,1,1,2,349436,295853,85,25298,4983
24595093,8,200,0,0,0,331912,45100.8,184,259000,11223
seed,8,200,0,0,0,316077,44222.8,181,254800,10886
seed,8,200,0,0,0,316077,44222.8,181,254800,10497
24595140,8,200,1,0,0,354470,340264,85,120400,5174
seed,8,200,1,0,0,354470,340264,85,120400,5059
seed,8,200,1,0,0,354470,340264,85,120400,4840
24595156,8,200,0,1,0,320111,45183.9,938,483694,19627
seed,8,200,0,1,0,302238,44255.3,804,447246,18089
seed,8,200,0,1,0,314464,47714.2,655,345812,14288
24595218,8,200,1,1,0,311467,297220,93,60713,3070
seed,8,200,1,1,0,322766,293958,114,78531,3797
seed,8,200,1,1,0,322766,293958,114,78531,3486
24595250,8,200,0,1,1,337276,45993.7,722,377577,16222
seed,8,200,0,1,1,334238,44025,688,341502,17226
seed,8,200,0,1,1,312431,45691.5,786,410114,24089
24595328,8,200,1,1,1,320070,294102,173,104329,5297
seed,8,200,1,1,1,320070,294102,173,104329,9228
seed,8,200,1,1,1,319900,251425,228,134588,8268
24595359,8,200,0,1,2,314659,42137.2,716,373014,56307
seed,8,200,0,1,2,310004,44689.8,773,456107,73363
seed,8,200,0,1,2,318775,48061.4,918,489535,82867
24595578,8,200,1,1,2,326096,279122,175,114673,16231
seed,8,200,1,1,2,329860,300533,119,75137,10663
seed,8,200,1,1,2,347624,315163,186,112857,15822
24595625,16,200,0,0,0,319065,18982.9,236,711000,26919
seed,16,200,0,0,0,290191,19556.4,224,675000,26006
seed,16,200,0,0,0,321776,20050.6,216,651000,27674
24595718,16,200,1,0,0,304894,289100,98,297000,11885
seed,16,200,1,0,0,282562,274487,77,234000,9616
seed,16,200,1,0,0,311533,293813,102,309000,12972
24595765,16,200,0,1,0,304968,18003.3,1445,1500667,58058
seed,16,200,0,1,0,318718,18155.3,1244,1328451,49222
seed,16,200,0,1,0,315229,19340.9,1618,1642644,62548
24595937,16,200,1,1,0,320743,315921,56,74513,3901
seed,16,200,1,1,0,321776,314153,104,137979,6076
seed,16,200,1,1,0,321776,314153,104,137979,5910
24595968,16,200,0,1,1,308331,18243.1,1626,1656539,68250
seed,16,200,0,1,1,296407,18629.7,1407,1515089,62364
seed,16,200,0,1,1,365449,19337.5,1506,1678746,69048
24596171,16,200,1,1,1,304305,285210,171,191469,9112
seed,16,200,1,1,1,323836,316152,100,128618,6436
seed,16,200,1,1,1,323836,316152,100,128618,6686
24596203,16,200,0,1,2,312240,18351.6,1201,1245956,150865
seed,16,200,0,1,2,284595,18148.5,1323,1430893,162900
seed,16,200,0,1,2,265914,18524.8,1142,1204262,132597
24596671,16,200,1,1,2,324874,317313,110,155191,18060
seed,16,200,1,1,2,308082,286655,191,237650,26874
seed,16,200,1,1,2,313155,296679,181,278133,30672
24596750,32,200,0,0,0,271142,8087.59,235,1463200,50405
seed,32,200,0,0,0,321391,8639.97,232,1444600,66890
seed,32,200,0,0,0,275201,8730.69,238,1481800,56462
24596937,32,200,1,0,0,273757,266743,92,576600,24602
seed,32,200,1,0,0,296240,291463,70,440200,17027
seed,32,200,1,0,0,249006,242182,104,651000,25457
24597000,32,200,0,1,0,280683,7866.42,1752,3633218,133489
seed,32,200,0,1,0,295514,7592.68,1980,3694962,128364
seed,32,200,0,1,0,273783,7421.28,1608,3272819,112800
24597390,32,200,1,1,0,304233,298152,105,294989,14745
seed,32,200,1,1,0,292073,288667,84,225770,10587
seed,32,200,1,1,0,249472,242959,138,412986,15099
24597437,32,200,0,1,1,314252,7775.58,2143,4180328,147957
seed,32,200,0,1,1,294943,7688.46,1695,3373812,123627
seed,32,200,0,1,1,277438,7825.68,1596,3443755,130256
24597843,32,200,1,1,1,298067,290134,117,354269,16308
seed,32,200,1,1,1,257670,253819,88,272866,12577
seed,32,200,1,1,1,257670,253819,88,272866,13074
24597906,32,200,0,1,2,278928,7434.58,1591,3152668,305006
seed,32,200,0,1,2,291739,7558.48,1959,4045274,388570
seed,32,200,0,1,2,283084,6494.16,1937,3623067,340486
24598937,32,200,1,1,2,290033,283402,149,408495,43089
seed,32,200,1,1,2,280725,270475,181,501243,51412
seed,32,200,1,1,2,276475,265312,161,462812,46304
24599093,64,200,0,0,0,201344,2541.84,210,2658600,94241
seed,64,200,0,0,0,265189,3123.79,216,2734200,92486
seed,64,200,0,0,0,252240,2912.15,206,2608200,88683
24599375,64,200,1,0,0,227902,225367,63,806400,35482
seed,64,200,1,0,0,251067,249161,52,667800,27878
seed,64,200,1,0,0,243066,240742,60,768600,31329
24599484,64,200,0,1,0,242845,3235.23,1761,6403133,216185
seed,64,200,0,1,0,235395,2669.76,1426,5701377,194258
seed,64,200,0,1,0,239028,2750.21,1571,5759539,189841
24600093,64,200,1,1,0,200722,198637,95,571545,27375
seed,64,200,1,1,0,220182,218134,83,486679,23678
seed,64,200,1,1,0,233183,230324,111,564498,25869
24600187,64,200,0,1,1,216379,2412.95,1802,6456149,212384
seed,64,200,0,1,1,240910,2958.81,1829,6393312,217877
seed,64,200,0,1,1,227339,2473.36,1638,6172638,207359
24600828,64,200,1,1,1,214493,213011,82,500530,26927
seed,64,200,1,1,1,244143,242454,96,555341,25161
seed,64,200,1,1,1,251287,248985,100,605748,29448
24600921,64,200,0,1,2,263706,2691.41,1716,6019099,541855
seed,64,200,0,1,2,235173,2783.74,1562,5589926,518312
seed,64,200,0,1,2,248404,2863.22,1705,6277606,588691
24602578,64,200,1,1,2,227321,221822,170,939816,96649
seed,64,200,1,1,2,241219,238967,95,605421,61829
seed,64,200,1,1,2,237891,234559,140,861226,83587
24602828,128,200,0,0,0,142608,969.937,164,4191000,130185
seed,128,200,0,0,0,171082,920.869,143,3657600,105812
seed,128,200,0,0,0,141359,908.7,165,4216400,129098
24603203,128,200,1,0,0,163428,162636,52,1346200,58018
seed,128,200,1,0,0,158076,157572,36,939800,48973
seed,128,200,1,0,0,170867,170217,44,1143000,51501
24603375,128,200,0,1,0,194809,1132.87,1039,7616387,259366
seed,128,200,0,1,0,159875,937.771,890,6162895,204663
seed,128,200,0,1,0,173671,1149.38,941,6317191,204902
24604062,128,200,1,1,0,144615,143668,56,713227,35990
seed,128,200,1,1,0,150402,149399,70,809573,39762
seed,128,200,1,1,0,180685,180051,60,764615,44853
24604187,128,200,0,1,1,172053,1103.72,988,5849984,208327
seed,128,200,0,1,1,162207,917.137,1099,6912398,257419
seed,128,200,0,1,1,153703,1173.6,1013,7034277,263983
24604937,128,200,1,1,1,140036,139427,55,576010,35157
seed,128,200,1,1,1,191743,190895,53,728852,40686
seed,128,200,1,1,1,169511,168829,54,637321,36953
24605062,128,200,0,1,2,187066,1043.91,1021,6107766,557342
seed,128,200,0,1,2,164259,1009.04,1030,6580398,571919
seed,128,200,0,1,2,154767,1037.23,958,6405490,546064
24606734,128,200,1,1,2,150431,149972,49,587478,74065
seed,128,200,1,1,2,170265,169447,69,820424,85461
seed,128,200,1,1,2,158702,158159,45,551255,62433
24606968,2,300,0,0,0,536404,536404,0,300,24
seed,2,300,0,0,0,536404,536404,0,300,22
seed,2,300,0,0,0,536404,536404,0,300,12
24606984,2,300,1,0,0,489501,485365,15,4800,519
seed,2,300,1,0,0,489501,485365,15,4800,603
seed,2,300,1,0,0,489501,485365,15,4800,448
24606984,2,300,0,1,0,489501,489501,0,300,14
seed,2,300,0,1,0,489501,489501,0,300,12
seed,2,300,0,1,0,489501,489501,0,300,23
24607000,2,300,1,1,0,496956,489735,35,6107,527
seed,2,300,1,1,0,496956,489735,35,6107,517
seed,2,300,1,1,0,496956,489735,35,6107,512
24607015,2,300,0,1,1,503959,503959,0,300,14
seed,2,300,0,1,1,503959,503959,0,300,12
seed,2,300,0,1,1,503959,503959,0,300,12
24607015,2,300,1,1,1,503959,493571,28,5120,450
seed,2,300,1,1,1,503959,493571,28,5120,451
seed,2,300,1,1,1,503959,493571,28,5120,443
24607031,2,300,0,1,2,476919,476919,0,300,114
seed,2,300,0,1,2,476919,476919,0,300,102
seed,2,300,0,1,2,476919,476919,0,300,102
24607046,2,300,1,1,2,491375,486017,22,3899,1726
seed,2,300,1,1,2,491375,486017,22,3899,1744
seed,2,300,1,1,2,491375,486017,22,3899,1770
24607046,4,300,0,0,0,489901,187653,207,187200,8855
seed,4,300,0,0,0,497462,190059,213,192600,8271
seed,4,300,0,0,0,496086,182819,212,191700,8252
24607093,4,300,1,0,0,487411,415454,157,142200,6816
seed,4,300,1,0,0,487411,415454,157,142200,6481
seed,4,300,1,0,0,497340,434693,180,162900,7455
24607125,4,300,0,1,0,502769,187838,421,146286,6358
seed,4,300,0,1,0,502769,187838,421,146286,6178
seed,4,300,0,1,0,502769,187838,421,146286,6176
24607140,4,300,1,1,0,488669,439422,168,74400,3663
seed,4,300,1,1,0,525295,448362,241,110388,5107
seed,4,300,1,1,0,525295,448362,241,110388,4634
24607171,4,300,0,1,1,494540,189830,324,119609,5133
seed,4,300,0,1,1,494540,189830,324,119609,4732
seed,4,300,0,1,1,494540,189830,324,119609,4736
24607187,4,300,1,1,1,498920,422194,131,58749,2835
seed,4,300,1,1,1,498920,422194,131,58749,2887
seed,4,300,1,1,1,474729,347067,259,99630,4716
24607203,4,300,0,1,2,474729,197123,520,180740,33884
seed,4,300,0,1,2,478496,178091,367,140731,24981
seed,4,300,0,1,2,514857,189037,474,162794,29248
24607312,4,300,1,1,2,496771,466667,86,34264,6638
seed,4,300,1,1,2,496771,466667,86,34264,6793
seed,4,300,1,1,2,496771,466667,86,34264,6557
24607328,8,300,0,0,0,484263,69479.3,310,653100,24020
seed,8,300,0,0,0,471727,73888,335,705600,25782
seed,8,300,0,0,0,512278,67382.1,278,585900,21398
24607421,8,300,1,0,0,515352,494771,115,243600,10172
seed,8,300,1,0,0,515352,494771,115,243600,10328
seed,8,300,1,0,0,517473,462015,143,302400,11901
24607453,8,300,0,1,0,500866,68354.2,1093,869142,33077
seed,8,300,0,1,0,500680,68725.9,1032,781335,33787
seed,8,300,0,1,0,477754,68949,1308,1028677,34317
24607562,8,300,1,1,0,499602,466669,161,156921,6619
seed,8,300,1,1,0,498184,466682,183,165153,6821
seed,8,300,1,1,0,498184,466682,183,165153,7385
24607593,8,300,0,1,1,486368,73221.5,1260,998133,40024
seed,8,300,0,1,1,484944,68290.5,1000,844811,32704
seed,8,300,0,1,1,495395,71911.1,1130,818509,32257
24607718,8,300,1,1,1,481310,450493,213,224237,9869
seed,8,300,1,1,1,481310,450493,213,224237,10556
seed,8,300,1,1,1,506678,489554,154,158793,6990
24607750,8,300,0,1,2,461485,69578.8,1124,873702,105583
seed,8,300,0,1,2,454015,69552.5,1220,963397,123216
seed,8,300,0,1,2,518935,75674.5,1268,935594,116607
24608109,8,300,1,1,2,473376,437867,193,179285,23527
seed,8,300,1,1,2,470553,441510,170,177532,22659
seed,8,300,1,1,2,536477,498672,249,241577,33751
24608187,16,300,0,0,0,468691,29802.6,404,1822500,62449
seed,16,300,0,0,0,454579,30548.1,362,1633500,54609
seed,16,300,0,0,0,461289,27906.8,394,1777500,60112
24608375,16,300,1,0,0,443016,421064,137,621000,23300
seed,16,300,1,0,0,477134,455323,136,616500,24641
seed,16,300,1,0,0,468644,462754,59,270000,14973
24608453,16,300,0,1,0,490457,27587,2600,4110018,139253
seed,16,300,0,1,0,473420,29374.2,2422,3972660,137185
seed,16,300,0,1,0,475858,29128.8,2684,4469117,148570
24608890,16,300,1,1,0,470465,434900,338,677465,25499
seed,16,300,1,1,0,502356,453479,572,1159685,41786
seed,16,300,1,1,0,458344,452105,101,227738,9391
24608968,16,300,0,1,1,490452,30401.5,2565,4059290,166994
seed,16,300,0,1,1,484938,28909,2432,3879820,142058
seed,16,300,0,1,1,481518,27506.9,2188,3711561,145553
24609437,16,300,1,1,1,475721,411054,474,966088,38155
seed,16,300,1,1,1,438787,421395,163,343288,12838
seed,16,300,1,1,1,475434,456331,241,501138,19302
24609515,16,300,0,1,2,483960,30524.9,2150,3738750,386814
seed,16,300,0,1,2,482820,29723.2,2317,3572222,374135
seed,16,300,0,1,2,479802,30190.9,2175,3525175,361272
24610640,16,300,1,1,2,487788,474549,222,506426,52525
seed,16,300,1,1,2,458176,444752,167,326199,31230
seed,16,300,1,1,2,462007,456659,122,296118,28674
24610765,32,300,0,0,0,439777,12582.3,360,3357300,111942
seed,32,300,0,0,0,447074,12716.3,404,3766500,128029
seed,32,300,0,0,0,450538,12629.6,396,3692100,126052
24611140,32,300,1,0,0,454239,444544,110,1032300,38810
seed,32,300,1,0,0,431701,422752,122,1143900,41251
seed,32,300,1,0,0,423539,415192,102,957900,35029
24611265,32,300,0,1,0,428647,13436.7,3448,10716067,376481
seed,32,300,0,1,0,470141,13533.2,3544,10458325,334085
seed,32,300,0,1,0,464243,12478.6,3304,10328813,346738
24612328,32,300,1,1,0,455622,450000,125,497775,20145
seed,32,300,1,1,0,477456,469774,137,662203,23125
seed,32,300,1,1,0,474956,464821,205,892627,30760
24612421,32,300,0,1,1,425910,11689.7,3235,10295266,383858
seed,32,300,0,1,1,400754,12387.8,3507,10786524,403963
seed,32,300,0,1,1,440981,13103.6,3544,11660207,404128
24613625,32,300,1,1,1,452737,446903,131,586643,24334
seed,32,300,1,1,1,455111,440319,266,1162630,43860
seed,32,300,1,1,1,460484,447262,234,919710,33204
24613734,32,300,0,1,2,436526,11723.1,3355,11100413,1.02602e+06
seed,32,300,0,1,2,441734,12304.8,3325,11006678,1.00285e+06
seed,32,300,0,1,2,468264,13536.9,3589,11100895,1.02748e+06
24616796,32,300,1,1,2,439990,429360,244,1002648,94455
seed,32,300,1,1,2,432582,425185,210,847390,77426
seed,32,300,1,1,2,422628,417258,140,606041,56747
24617031,64,300,0,0,0,384382,5625.38,340,6444900,227718
seed,64,300,0,0,0,369909,5293.43,357,6766200,219921
seed,64,300,0,0,0,350585,5274.33,373,7068600,217126
24617734,64,300,1,0,0,401743,397369,115,2192400,84696
seed,64,300,1,0,0,419799,415647,118,2249100,87754
seed,64,300,1,0,0,410818,407675,97,1852200,71982
24617984,64,300,0,1,0,387177,5374.29,3798,20672707,721345
seed,64,300,0,1,0,421714,5365.76,3013,17051546,565755
seed,64,300,0,1,0,396493,5153.01,3479,20225754,651176
24619937,64,300,1,1,0,377148,373637,127,1110178,49987
seed,64,300,1,1,0,393493,390139,151,1421191,58617
seed,64,300,1,1,0,365117,361854,157,1437107,51980
24620109,64,300,0,1,1,379417,4922.03,3801,20974295,739831
seed,64,300,0,1,1,410920,5205.32,3669,20566519,711989
seed,64,300,0,1,1,384119,5214.69,3404,18807130,621084
24622187,64,300,1,1,1,434071,430478,145,1293665,58722
seed,64,300,1,1,1,419825,415172,196,1555935,62442
seed,64,300,1,1,1,411266,408007,162,1326994,53785
24622375,64,300,0,1,2,403133,5436.07,3241,19681421,1.71638e+06
seed,64,300,0,1,2,402128,5031.53,4158,22906667,2.04582e+06
seed,64,300,0,1,2,379364,4725.57,3539,19553653,1.69913e+06
24627843,64,300,1,1,2,381120,375359,190,1593500,175183
seed,64,300,1,1,2,385100,379901,209,1885502,188561
seed,64,300,1,1,2,374898,370118,189,1761465,169072
24628390,128,300,0,0,0,314427,1785.92,296,11315700,361221
seed,128,300,0,0,0,337190,1976.26,298,11391900,393639
seed,128,300,0,0,0,304466,1577.24,288,11010900,362207
24629515,128,300,1,0,0,304297,302823,65,2514600,106139
seed,128,300,1,0,0,305199,303672,90,3467100,129340
seed,128,300,1,0,0,293986,292158,104,4000500,141294
24629906,128,300,0,1,0,284315,2097.97,2778,28071613,902530
seed,128,300,0,1,0,312669,1817.55,2581,25988829,861786
seed,128,300,0,1,0,290159,1717.31,2638,27660707,906440
24632578,128,300,1,1,0,332622,331040,114,2103814,92091
seed,128,300,1,1,0,308789,307333,111,2090080,86746
seed,128,300,1,1,0,352564,351234,119,2244396,98896
24632875,128,300,0,1,1,317266,1970.85,2705,28328394,989734
seed,128,300,0,1,1,323858,1996.04,2851,27750432,993588
seed,128,300,0,1,1,290776,1921.6,2702,26472244,933199
24635796,128,300,1,1,1,310534,308779,111,1988256,90203
seed,128,300,1,1,1,273816,271718,155,2734704,118080
seed,128,300,1,1,1,291609,289598,154,2578428,112739
24636125,128,300,0,1,2,281780,1741.2,2666,27296951,2.35863e+06
seed,128,300,0,1,2,319533,1660.79,2414,24829755,2.2039e+06
seed,128,300,0,1,2,293247,1521.1,2399,22332538,1.92526e+06
24642625,128,300,1,1,2,306717,305593,84,1601575,154744
seed,128,300,1,1,2,290586,289298,135,2251642,226263
seed,128,300,1,1,2,270723,268421,160,2688586,261087
24643265,256,300,0,0,0,214470,549.945,194,14917500,436768
seed,256,300,0,0,0,206124,584.663,189,14535000,420025
seed,256,300,0,0,0,182493,535.167,161,12393000,378081
24644515,256,300,1,0,0,195266,194985,32,2524500,127669
seed,256,300,1,0,0,242756,242526,41,3213000,129341
seed,256,300,1,0,0,216009,215724,39,3060000,140312
24644921,256,300,0,1,0,194852,724.766,1380,23896520,728221
seed,256,300,0,1,0,197632,566.597,1047,22208699,621127
seed,256,300,0,1,0,215760,647.882,1570,31552408,947394
24647234,256,300,1,1,0,213411,213087,57,1975440,97520
seed,256,300,1,1,0,205194,204784,60,2153611,102896
seed,256,300,1,1,0,221489,221230,56,1878532,98429
24647546,256,300,0,1,1,232882,705.172,1274,23259583,740587
seed,256,300,0,1,1,228881,800.755,1398,27745665,869167
seed,256,300,0,1,1,194884,772.342,1580,28233469,914878
24650078,256,300,1,1,1,204601,204208,60,1847998,95830
seed,256,300,1,1,1,213049,212813,47,1822603,99276
seed,256,300,1,1,1,214134,213698,65,2346967,120655
24650406,256,300,0,1,2,237628,767.388,1561,27072803,2.30175e+06
seed,256,300,0,1,2,153673,544.839,1077,19635583,1.55446e+06
seed,256,300,0,1,2,180650,800.84,1495,28686869,2.38864e+06
24656656,256,300,1,1,2,218776,218565,46,1935662,200063
seed,256,300,1,1,2,216468,216006,62,2242971,217174
seed,256,300,1,1,2,219822,219443,52,1837036,189608
24657265,2,400,0,0,0,663849,663849,0,400,18
seed,2,400,0,0,0,663849,663849,0,400,17
seed,2,400,0,0,0,663849,663849,0,400,23
24657281,2,400,1,0,0,703563,698520,43,17600,1146
seed,2,400,1,0,0,703563,698520,43,17600,1141
seed,2,400,1,0,0,703563,698520,43,17600,1188
24657296,2,400,0,1,0,670901,670901,0,400,18
seed,2,400,0,1,0,670901,670901,0,400,16
seed,2,400,0,1,0,670901,670901,0,400,16
24657296,2,400,1,1,0,670901,612325,91,18464,1235
seed,2,400,1,1,0,670901,612325,91,18464,1202
seed,2,400,1,1,0,670901,612325,91,18464,1188
24657312,2,400,0,1,1,662684,662684,0,400,18
seed,2,400,0,1,1,662684,662684,0,400,25
seed,2,400,0,1,1,662684,662684,0,400,16
24657312,2,400,1,1,1,662684,616610,81,16920,1158
seed,2,400,1,1,1,632540,611581,56,12920,904
seed,2,400,1,1,1,632540,611581,56,12920,1001
24657328,2,400,0,1,2,632540,632540,0,400,150
seed,2,400,0,1,2,632540,632540,0,400,150
seed,2,400,0,1,2,632540,632540,0,400,150
24657343,2,400,1,1,2,673629,654792,43,9299,3935
seed,2,400,1,1,2,673629,654792,43,9299,3644
seed,2,400,1,1,2,673629,654792,43,9299,3958
24657359,4,400,0,0,0,624681,243758,264,318000,13123
seed,4,400,0,0,0,628860,244217,301,362400,14975
seed,4,400,0,0,0,653783,250667,321,386400,15816
24657421,4,400,1,0,0,627131,552264,165,199200,8798
seed,4,400,1,0,0,627131,552264,165,199200,8805
seed,4,400,1,0,0,654018,560844,145,175200,8304
24657453,4,400,0,1,0,651038,243271,594,296376,12248
seed,4,400,0,1,0,640404,242209,703,332640,12147
seed,4,400,0,1,0,640404,242209,703,332640,12526
24657500,4,400,1,1,0,643922,554053,248,143893,6410
seed,4,400,1,1,0,643922,554053,248,143893,6214
seed,4,400,1,1,0,661880,573598,246,133878,5867
24657515,4,400,0,1,1,661880,256506,444,236888,9596
seed,4,400,0,1,1,660477,262637,616,287730,11487
seed,4,400,0,1,1,653744,252111,579,282843,10745
24657562,4,400,1,1,1,636438,568831,180,92720,4193
seed,4,400,1,1,1,636438,568831,180,92720,4139
seed,4,400,1,1,1,678806,651578,81,49602,2339
24657578,4,400,0,1,2,678806,261337,546,275231,49819
seed,4,400,0,1,2,646166,262226,506,255798,45138
seed,4,400,0,1,2,618963,235751,822,359562,62718
24657750,4,400,1,1,2,668188,624087,163,92550,18076
seed,4,400,1,1,2,661011,616342,170,94969,19300
seed,4,400,1,1,2,653201,589094,126,81982,16981
24657812,8,400,0,0,0,673498,87323.8,434,1218000,45316
seed,8,400,0,0,0,671395,96243.1,404,1134000,38308
seed,8,400,0,0,0,668637,101088,409,1148000,38835
24657937,8,400,1,0,0,665370,651717,166,467600,18574
seed,8,400,1,0,0,650857,613035,141,397600,15589
seed,8,400,1,0,0,623076,597501,100,282800,14909
24658000,8,400,0,1,0,641843,88312.4,1742,1795419,61292
seed,8,400,0,1,0,697111,103065,1430,1555296,52243
seed,8,400,0,1,0,638745,95956.9,1889,1940469,64230
24658187,8,400,1,1,0,649876,551012,407,540230,19605
seed,8,400,1,1,0,653574,599652,256,339069,13821
seed,8,400,1,1,0,644814,577900,261,375170,13813
24658250,8,400,0,1,1,660938,90949.5,1672,1789319,76729
seed,8,400,0,1,1,661371,90297.3,1866,1856868,75213
seed,8,400,0,1,1,664656,96034,1739,1886808,76984
24658484,8,400,1,1,1,674923,520925,779,1000532,40264
seed,8,400,1,1,1,671215,630900,241,319004,12862
seed,8,400,1,1,1,684698,633335,250,309813,13768
24658562,8,400,0,1,2,640454,97063.4,1669,1590910,200254
seed,8,400,0,1,2,661456,92066.3,1228,1382094,183404
seed,8,400,0,1,2,647002,94056.3,1392,1565739,185458
24659140,8,400,1,1,2,658197,580005,382,472842,59287
seed,8,400,1,1,2,644624,605842,267,324709,39152
seed,8,400,1,1,2,662285,538828,514,678406,82679
24659328,16,400,0,0,0,633333,40046.5,515,3096000,112636
seed,16,400,0,0,0,626547,39479.6,493,2964000,103617
seed,16,400,0,0,0,616931,40875.6,529,3180000,99125
24659656,16,400,1,0,0,658514,629660,169,1020000,37339
seed,16,400,1,0,0,653207,622874,175,1056000,35746
seed,16,400,1,0,0,652399,616247,207,1248000,41317
24659781,16,400,0,1,0,650966,41835.1,2737,6108536,207537
seed,16,400,0,1,0,656296,41791.1,3493,7701273,264199
seed,16,400,0,1,0,673627,39826.6,3212,6991819,237151
24660500,16,400,1,1,0,645806,626441,205,554876,23200
seed,16,400,1,1,0,607765,587766,247,784136,29079
seed,16,400,1,1,0,643061,534381,1014,2628967,103302
24660656,16,400,0,1,1,626766,40152.4,3046,7042910,261122
seed,16,400,0,1,1,624634,40142.1,3449,7767404,269256
seed,16,400,0,1,1,640294,37838.7,2998,6725112,253648
24661453,16,400,1,1,1,656289,639699,207,582679,25189
seed,16,400,1,1,1,605028,582013,358,1027327,39981
seed,16,400,1,1,1,624353,602389,195,566125,22760
24661546,16,400,0,1,2,611028,38666.7,3738,7574533,823228
seed,16,400,0,1,2,636227,40313.4,3403,7569206,766498
seed,16,400,0,1,2,635264,40870.4,3139,7220851,754871
24663906,16,400,1,1,2,645454,626434,224,658625,87070
seed,16,400,1,1,2,665831,644643,181,539278,68575
seed,16,400,1,1,2,662950,635041,323,936628,112016
24664187,32,400,0,0,0,622420,18425.7,515,6398400,219820
seed,32,400,0,0,0,644178,20864.6,517,6423200,219514
seed,32,400,0,0,0,599783,20918.3,516,6410800,234234
24664859,32,400,1,0,0,595929,584800,185,2306400,85891
seed,32,400,1,0,0,608374,600219,112,1401200,52093
seed,32,400,1,0,0,638588,628892,156,1946800,70402
24665078,32,400,0,1,0,619835,17017.3,4546,18683561,607073
seed,32,400,0,1,0,629913,17265.3,4184,18040434,609787
seed,32,400,0,1,0,639285,16520.3,4302,18738516,645511
24666953,32,400,1,1,0,643937,629944,287,1621991,64544
seed,32,400,1,1,0,608710,595296,287,1723687,60048
seed,32,400,1,1,0,592271,579341,222,1207187,40834
24667125,32,400,0,1,1,631370,17543.5,5059,22381590,787009
seed,32,400,0,1,1,632526,18213,4754,20345221,703230
seed,32,400,0,1,1,605017,17190.9,5532,23451603,846851
24669484,32,400,1,1,1,635993,620286,297,1716391,67423
seed,32,400,1,1,1,663052,655163,196,1105694,41261
seed,32,400,1,1,1,633805,615356,292,1675001,60964
24669656,32,400,0,1,2,599099,16573.6,5234,21676172,2.07644e+06
seed,32,400,0,1,2,596239,16865.2,4445,18054074,1.69324e+06
seed,32,400,0,1,2,596201,16996.6,4714,20240914,1.84494e+06
24675281,32,400,1,1,2,596903,581677,283,1793792,170952
seed,32,400,1,1,2,605472,598722,195,1115211,101656
seed,32,400,1,1,2,640777,626349,324,1734562,158033
24675718,64,400,0,0,0,581777,7224.65,532,13431600,447782
seed,64,400,0,0,0,574169,7736.7,557,14061600,465556
seed,64,400,0,0,0,587346,7300.25,520,13129200,423964
24677062,64,400,1,0,0,558802,553020,153,3880800,143065
seed,64,400,1,0,0,597562,592699,158,4006800,149836
seed,64,400,1,0,0,598410,593557,162,4107600,144961
24677515,64,400,0,1,0,554583,7561.74,5857,44380724,1.43935e+06
seed,64,400,0,1,0,575515,6572.75,5900,46521433,1.56691e+06
seed,64,400,0,1,0,561292,7217.97,5793,46704923,1.59638e+06
24682125,64,400,1,1,0,547041,540411,274,3039075,118797
seed,64,400,1,1,0,577960,572254,208,2267841,96680
seed,64,400,1,1,0,544450,537594,301,3504348,138554
24682484,64,400,0,1,1,586453,7480.05,6327,47928354,1.6727e+06
seed,64,400,0,1,1,565787,7469.97,5751,43929923,1.54476e+06
seed,64,400,0,1,1,557014,7492.65,6342,48012875,1.698e+06
24687437,64,400,1,1,1,597561,592144,274,3193254,134990
seed,64,400,1,1,1,600041,594245,251,2970502,118710
seed,64,400,1,1,1,582583,576418,226,2646466,104691
24687796,64,400,0,1,2,545082,7039.22,5827,44703414,4.11744e+06
seed,64,400,0,1,2,548691,6620.88,5385,44844782,4.33606e+06
seed,64,400,0,1,2,537436,7172.21,6252,48600994,4.5072e+06
24700781,64,400,1,1,2,595045,590104,208,2412771,233129
seed,64,400,1,1,2,570509,564996,202,2107132,184637
seed,64,400,1,1,2,559826,554421,225,2477515,234669
24701437,128,400,0,0,0,464458,2420.77,452,23012400,778313
seed,128,400,0,0,0,476287,2863.2,456,23215600,813268
seed,128,400,0,0,0,457599,2909.92,454,23114000,769722
24703812,128,400,1,0,0,454654,452460,140,7162800,276959
seed,128,400,1,0,0,464807,461707,163,8331200,302913
seed,128,400,1,0,0,460484,457693,158,8077200,285583
24704687,128,400,0,1,0,450106,2703.29,4640,69197613,2.23608e+06
seed,128,400,0,1,0,472340,2727.02,4877,75097847,2.5099e+06
seed,128,400,0,1,0,465298,2497.81,4766,66136860,2.15824e+06
24711593,128,400,1,1,0,431453,428348,218,5068730,182044
seed,128,400,1,1,0,437151,434564,216,4845509,175695
seed,128,400,1,1,0,465255,462518,214,4618599,181320
24712140,128,400,0,1,1,471434,2485.51,4919,69980411,2.46846e+06
seed,128,400,0,1,1,461888,2676.17,4716,63320661,2.20314e+06
seed,128,400,0,1,1,464753,2986.76,5152,69820540,2.4105e+06
24719234,128,400,1,1,1,461338,459046,214,4916019,193433
seed,128,400,1,1,1,474026,470143,289,6578229,269535
seed,128,400,1,1,1,496406,494362,172,3836975,171734
24719890,128,400,0,1,2,442147,2660.6,4768,67073165,5.82152e+06
seed,128,400,0,1,2,452391,2500.73,4920,66888447,5.81353e+06
seed,128,400,0,1,2,462342,2770.54,5319,74102694,6.55649e+06
24738093,128,400,1,1,2,473160,470158,262,5870733,564328
seed,128,400,1,1,2,449426,446968,229,4706060,437366
seed,128,400,1,1,2,437352,435301,194,4122547,379187
24739484,256,400,0,0,0,316810,961.92,292,29886000,877254
seed,256,400,0,0,0,314791,892.393,280,28662000,883131
seed,256,400,0,0,0,350486,918.367,312,31926000,983156
24742234,256,400,1,0,0,333306,332743,80,8262000,299342
seed,256,400,1,0,0,381332,380642,72,7446000,267605
seed,256,400,1,0,0,313729,312822,114,11730000,429301
24743234,256,400,0,1,0,290735,1038.15,2494,65256648,2.2846e+06
seed,256,400,0,1,0,334622,1079.17,2800,73005210,2.26384e+06
seed,256,400,0,1,0,294096,971.991,2496,64893551,2.01231e+06
24749812,256,400,1,1,0,327351,326625,114,5276505,226787
seed,256,400,1,1,0,370903,370070,137,6523872,281789
seed,256,400,1,1,0,321488,320901,95,4756360,238840
24750562,256,400,0,1,1,339735,964.469,2548,59379121,2.01582e+06
seed,256,400,0,1,1,366564,999.544,2735,69311645,2.38537e+06
seed,256,400,0,1,1,354152,1040.6,2749,66806131,2.16163e+06
24757140,256,400,1,1,1,321486,320725,118,6004747,253006
seed,256,400,1,1,1,307559,306935,94,4900425,219114
seed,256,400,1,1,1,363406,362700,110,5325233,212956
24757843,256,400,0,1,2,318255,999.419,2747,65313990,5.40874e+06
seed,256,400,0,1,2,329400,1088.31,2789,68098748,5.7767e+06
seed,256,400,0,1,2,334623,990.718,2659,63231659,5.34729e+06
24774375,256,400,1,1,2,346550,345919,104,5160717,493047
seed,256,400,1,1,2,312554,311799,108,5292465,495175
seed,256,400,1,1,2,302012,301349,117,5698795,531914
24775906,2,500,0,0,0,840379,840379,0,500,22
seed,2,500,0,0,0,840379,840379,0,500,20
seed,2,500,0,0,0,840379,840379,0,500,20
24775921,2,500,1,0,0,852912,718456,156,78500,4282
seed,2,500,1,0,0,852912,718456,156,78500,4100
seed,2,500,1,0,0,852912,718456,156,78500,4100
24775937,2,500,0,1,0,810914,810914,0,500,34
seed,2,500,0,1,0,810914,810914,0,500,27
seed,2,500,0,1,0,810914,810914,0,500,28
24775953,2,500,1,1,0,845799,835591,44,11294,919
seed,2,500,1,1,0,845799,835591,44,11294,935
seed,2,500,1,1,0,845799,835591,44,11294,942
24775953,2,500,0,1,1,845799,845799,0,500,28
seed,2,500,0,1,1,845799,845799,0,500,32
seed,2,500,0,1,1,845799,845799,0,500,25
24775968,2,500,1,1,1,847654,811894,113,31458,1756
seed,2,500,1,1,1,847654,811894,113,31458,1743
seed,2,500,1,1,1,847654,811894,113,31458,1766
24775984,2,500,0,1,2,831219,831219,0,500,177
seed,2,500,0,1,2,831219,831219,0,500,181
seed,2,500,0,1,2,831219,831219,0,500,194
24775984,2,500,1,1,2,831219,818051,41,9286,3679
seed,2,500,1,1,2,805685,770158,91,22494,8516
seed,2,500,1,1,2,805685,770158,91,22494,8457
24776015,4,500,0,0,0,835789,323449,356,535500,22498
seed,4,500,0,0,0,790764,311400,325,489000,21010
seed,4,500,0,0,0,777851,317140,360,541500,20576
24776093,4,500,1,0,0,797093,739270,127,192000,10443
seed,4,500,1,0,0,818122,762111,125,189000,11746
seed,4,500,1,0,0,814331,764125,162,244500,13528
24776140,4,500,0,1,0,874443,322484,670,406559,19385
seed,4,500,0,1,0,853486,320082,693,380109,18713
seed,4,500,0,1,0,844005,327053,801,479876,25714
24776218,4,500,1,1,0,878994,780182,235,173800,8688
seed,4,500,1,1,0,878994,780182,235,173800,7735
seed,4,500,1,1,0,821804,670781,291,225697,10042
24776250,4,500,0,1,1,806055,308337,773,420935,17558
seed,4,500,0,1,1,840003,326562,783,460061,17552
seed,4,500,0,1,1,807642,328471,1089,649274,25090
24776328,4,500,1,1,1,841037,719985,305,211102,10239
seed,4,500,1,1,1,841037,719985,305,211102,9303
seed,4,500,1,1,1,869053,787816,210,149504,6570
24776359,4,500,0,1,2,840436,318056,693,444024,86627
seed,4,500,0,1,2,838202,311610,836,435074,86031
seed,4,500,0,1,2,820787,314384,912,492736,90456
24776625,4,500,1,1,2,841764,668266,351,251893,45763
seed,4,500,1,1,2,809832,714255,283,204965,38590
seed,4,500,1,1,2,857711,794867,151,109106,19767
24776750,8,500,0,0,0,811351,118162,505,1771000,66257
seed,8,500,0,0,0,829504,122619,558,1956500,73765
seed,8,500,0,0,0,823775,123945,534,1872500,68130
24776953,8,500,1,0,0,837315,789734,297,1043000,45906
seed,8,500,1,0,0,795631,760106,211,742000,28462
seed,8,500,1,0,0,847807,707499,363,1274000,47723
24777093,8,500,0,1,0,811346,121317,2308,3078306,113619
seed,8,500,0,1,0,853090,118613,2028,2807992,106200
seed,8,500,0,1,0,834037,118483,1738,2569859,97380
24777421,8,500,1,1,0,829960,788453,352,555431,20995
seed,8,500,1,1,0,833552,728264,540,894392,31945
seed,8,500,1,1,0,780857,754708,226,388201,14523
24777500,8,500,0,1,1,805367,120546,1940,2473224,85383
seed,8,500,0,1,1,850780,124059,1949,2646471,89193
seed,8,500,0,1,1,832501,123953,2050,2623728,90872
24777765,8,500,1,1,1,785456,737282,322,535964,21204
seed,8,500,1,1,1,850657,809661,284,483543,18628
seed,8,500,1,1,1,802312,757749,309,527312,24525
24777843,8,500,0,1,2,812222,121506,2126,2625409,325385
seed,8,500,0,1,2,839474,123740,1684,2360191,274894
seed,8,500,0,1,2,816281,121942,2409,3105749,370096
24778828,8,500,1,1,2,808412,779322,187,303895,41019
seed,8,500,1,1,2,830309,802847,228,406656,52204
seed,8,500,1,1,2,807860,771483,352,594135,77391
24779000,16,500,0,0,0,789086,51020.8,664,4987500,179515
seed,16,500,0,0,0,765710,53226.1,622,4672500,165681
seed,16,500,0,0,0,833238,49601.2,676,5077500,161122
24779515,16,500,1,0,0,831206,805362,314,2362500,95086
seed,16,500,1,0,0,853209,838898,174,1312500,53663
seed,16,500,1,0,0,813935,786026,281,2115000,77880
24779750,16,500,0,1,0,825018,50182,3859,11677049,408825
seed,16,500,0,1,0,801735,52768.8,4614,13464092,466704
seed,16,500,0,1,0,774444,49816.2,4104,12035543,401356
24781046,16,500,1,1,0,829724,807939,412,1513031,55915
seed,16,500,1,1,0,797092,778364,292,1030551,38871
seed,16,500,1,1,0,769318,718726,645,2448385,86250
24781234,16,500,0,1,1,823332,49834.6,3933,11500238,395562
seed,16,500,0,1,1,809104,51520.4,3964,10927906,412450
seed,16,500,0,1,1,833006,50182.7,3849,10643118,387897
24782437,16,500,1,1,1,813412,783806,355,1335654,48062
seed,16,500,1,1,1,869252,823548,474,1515569,53938
seed,16,500,1,1,1,781415,751912,356,1207460,44240
24782593,16,500,0,1,2,799711,54231.2,4049,11555683,1.17692e+06
seed,16,500,0,1,2,826340,52520.6,3935,11341453,1.12129e+06
seed,16,500,0,1,2,824178,51059.6,3922,10774186,1.06689e+06
24785968,16,500,1,1,2,807133,771550,438,1581328,179043
seed,16,500,1,1,2,804689,776174,337,1265784,137235
seed,16,500,1,1,2,837049,800027,391,1300863,138229
24786437,32,500,0,0,0,791481,23011.8,743,11532000,362888
seed,32,500,0,0,0,810465,24978.1,646,10028500,314790
seed,32,500,0,0,0,759868,23347,691,10726000,342659
24787453,32,500,1,0,0,752274,727584,244,3797500,131771
seed,32,500,1,0,0,750301,730436,212,3301500,118521
seed,32,500,1,0,0,772476,755951,235,3658000,134036
24787859,32,500,0,1,0,778918,22775.8,6140,34299454,1.11518e+06
seed,32,500,0,1,0,777256,22409.8,6009,32119832,1.0098e+06
seed,32,500,0,1,0,801296,21705.6,5918,31831651,1.05335e+06
24791046,32,500,1,1,0,768284,756701,300,2101498,75296
seed,32,500,1,1,0,795990,782001,355,2673754,99056
seed,32,500,1,1,0,834942,819710,309,2143123,77229
24791296,32,500,0,1,1,762586,21533.6,6479,37216708,1.35006e+06
seed,32,500,0,1,1,812826,22175.5,6560,36988182,1.52658e+06
seed,32,500,0,1,1,779928,23179.2,6603,37270895,1.37873e+06
24795562,32,500,1,1,1,806270,789351,363,2602005,100315
seed,32,500,1,1,1,784720,772973,379,2810025,106560
seed,32,500,1,1,1,759221,743981,425,2792440,102693
24795890,32,500,0,1,2,768563,22401.7,6175,34721870,3.27753e+06
seed,32,500,0,1,2,819186,23923.3,7556,40623516,3.68042e+06
seed,32,500,0,1,2,797154,23542.9,7119,38017748,3.65809e+06
24806515,32,500,1,1,2,773911,759893,329,2160387,205340
seed,32,500,1,1,2,803908,786393,372,2712290,260909
seed,32,500,1,1,2,789351,776770,242,1819661,167763
24807156,64,500,0,0,0,691290,10709.6,680,21451500,726499
seed,64,500,0,0,0,762500,10360.5,639,20160000,671138
seed,64,500,0,0,0,771047,9821.04,675,21294000,671405
24809234,64,500,1,0,0,735707,729529,160,5071500,178410
seed,64,500,1,0,0,731939,723575,209,6615000,220258
seed,64,500,1,0,0,716302,707999,236,7465500,264373
24809906,64,500,0,1,0,735164,9177.63,8984,89339593,2.88199e+06
seed,64,500,0,1,0,736986,9930.07,8584,89670545,2.9431e+06
seed,64,500,0,1,0,700888,9867.07,7469,78020904,2.60751e+06
24818359,64,500,1,1,0,736073,728789,352,4940036,169673
seed,64,500,1,1,0,746848,737332,409,6089983,220517
seed,64,500,1,1,0,768770,763291,251,3636032,127199
24818875,64,500,0,1,1,705229,9896.55,8125,88398610,3.15906e+06
seed,64,500,0,1,1,738077,9687.47,7921,82366307,2.92348e+06
seed,64,500,0,1,1,709671,9369.93,7968,80694884,2.83237e+06
24827796,64,500,1,1,1,679172,669866,455,6844159,269930
seed,64,500,1,1,1,752576,747644,268,3628897,132143
seed,64,500,1,1,1,752298,742528,406,5700902,208433
24828421,64,500,0,1,2,703448,9634.61,8283,85762494,7.56183e+06
seed,64,500,0,1,2,745664,9789.59,8170,85076808,7.59602e+06
seed,64,500,0,1,2,774476,9929.26,7921,81158153,7.25062e+06
24850843,64,500,1,1,2,729152,721871,272,3746836,352035
seed,64,500,1,1,2,729366,723229,324,4515773,437262
seed,64,500,1,1,2,765508,758682,302,4563555,418709
24852062,128,500,0,0,0,623814,3903.87,632,40195500,1.31937e+06
seed,128,500,0,0,0,605884,4190.48,615,39116000,1.19938e+06
seed,128,500,0,0,0,622892,4306.03,615,39116000,1.24374e+06
24855828,128,500,1,0,0,655196,651711,186,11874500,416123
seed,128,500,1,0,0,665435,661578,207,13208000,490538
seed,128,500,1,0,0,652910,649605,169,10795000,403244
24857156,128,500,0,1,0,575915,4022.55,7107,124668658,3.96791e+06
seed,128,500,0,1,0,568100,3525.83,7116,130798943,4.22945e+06
seed,128,500,0,1,0,606726,3749.52,7067,125611187,4.15536e+06
24869515,128,500,1,1,0,647194,643642,283,8214764,300405
seed,128,500,1,1,0,615851,612675,278,7855756,299223
seed,128,500,1,1,0,644943,641073,349,8998376,321685
24870453,128,500,0,1,1,640372,3585.3,7202,129561325,4.44489e+06
seed,128,500,0,1,1,643036,3579.02,7855,136946707,4.80417e+06
seed,128,500,0,1,1,650735,3746.53,8326,142811955,5.08743e+06
24884796,128,500,1,1,1,625877,622544,254,7786912,308614
seed,128,500,1,1,1,666222,660114,368,10461939,385017
seed,128,500,1,1,1,626476,622455,240,6627526,260814
24885750,128,500,0,1,2,630092,3704.89,7908,140204677,1.20725e+07
seed,128,500,0,1,2,618358,3780.35,7394,129635420,1.11531e+07
seed,128,500,0,1,2,625209,3501.39,7504,133918044,1.17324e+07
24920718,128,500,1,1,2,614018,610597,325,8643844,812209
seed,128,500,1,1,2,669729,666492,242,6861630,601482
seed,128,500,1,1,2,621924,618747,286,7787803,752783
24922906,256,500,0,0,0,468565,1466.78,457,58395000,1.86589e+06
seed,256,500,0,0,0,442255,1138.57,470,60052500,1.8241e+06
seed,256,500,0,0,0,465579,1218.13,451,57630000,1.72139e+06
24928328,256,500,1,0,0,501657,500482,127,16320000,571988
seed,256,500,1,0,0,504297,503088,121,15555000,534879
seed,256,500,1,0,0,513276,512176,103,13260000,457398
24929890,256,500,0,1,0,474107,1329.44,4413,150970315,4.80134e+06
seed,256,500,0,1,0,497660,1445,4606,147870622,4.65825e+06
seed,256,500,0,1,0,477054,1380.63,4773,159506779,5.16822e+06
24944531,256,500,1,1,0,473518,472561,174,10853973,409728
seed,256,500,1,1,0,417954,416868,213,11758351,455977
seed,256,500,1,1,0,476181,475160,161,9444547,355393
24945765,256,500,0,1,1,539549,1545.06,5079,158865898,5.29985e+06
seed,256,500,0,1,1,444973,1242.95,4632,138466903,4.75223e+06
seed,256,500,0,1,1,451521,1260.36,4276,123137323,4.21365e+06
24960046,256,500,1,1,1,488066,487013,188,10875963,463259
seed,256,500,1,1,1,490079,489139,171,9651864,377369
seed,256,500,1,1,1,422533,421506,167,10081102,396005
24961281,256,500,0,1,2,484440,1405.71,4839,143996068,1.26363e+07
seed,256,500,0,1,2,500090,1351.38,4880,141757104,1.22677e+07
seed,256,500,0,1,2,473148,1445.25,4637,144902197,1.25422e+07
24998750,256,500,1,1,2,483353,482166,204,11389944,1.03816e+06
seed,256,500,1,1,2,426024,424871,186,11214062,993227
seed,256,500,1,1,2,445240,443840,182,10643612,922013
